Player,Season,Age,Tm,Lg,Pos,G,MP,PER,TS%,3PAr,FTr,ORB%,DRB%,TRB%,AST%,STL%,BLK%,TOV%,USG%,,OWS,DWS,WS,WS/48,,OBPM,DBPM,BPM,VORP
Chris Webber,1993-94,20,GSW,NBA,C,76,2438,21.7,.559,.014,.342,13.8,17.0,15.4,17.1,1.8,4.1,14.7,23.7,,4.6,3.2,7.8,.154,,2.9,1.1,4.0,3.6
Chris Webber,1994-95,21,WSB,NBA,PF,54,2067,20.1,.521,.155,.248,10.8,18.4,14.4,21.5,2.0,2.9,13.8,25.5,,1.9,2.2,4.0,.093,,2.9,0.5,3.5,2.9
Chris Webber,1995-96,22,WSB,NBA,PF,15,558,23.6,.581,.123,.250,8.0,15.9,12.0,24.9,2.5,1.2,13.8,28.5,,1.2,0.7,1.9,.165,,5.1,0.6,5.7,1.1
Chris Webber,1996-97,23,WSB,NBA,PF,72,2806,21.8,.554,.129,.268,10.1,20.8,15.5,19.9,2.3,3.7,15.0,24.6,,4.3,5.0,9.3,.159,,3.1,2.2,5.3,5.1
Chris Webber,1997-98,24,WAS,NBA,C,71,2809,20.9,.523,.153,.248,6.9,20.8,13.7,17.8,2.1,3.1,11.1,26.5,,3.9,4.4,8.3,.142,,2.9,1.7,4.6,4.7
Chris Webber,1998-99,25,SAC,NBA,PF,42,1719,19.5,.491,.044,.224,9.2,24.2,16.7,17.8,1.7,3.3,14.8,24.9,,1.0,2.7,3.6,.102,,0.8,1.1,1.9,1.7
Chris Webber,1999-00,26,SAC,NBA,PF,75,2880,23.4,.530,.061,.267,6.8,21.8,14.3,21.1,2.0,2.9,11.2,28.2,,5.7,5.0,10.7,.179,,3.6,2.1,5.7,5.6
Chris Webber,2000-01,27,SAC,NBA,PF,70,2836,24.7,.516,.017,.282,7.0,22.1,14.8,20.6,1.7,2.8,9.6,31.6,,5.8,5.2,11.0,.186,,4.0,1.4,5.5,5.3
Chris Webber,2001-02,28,SAC,NBA,PF,54,2071,24.4,.540,.018,.314,7.9,20.1,14.1,21.9,2.2,2.4,11.4,29.0,,4.8,3.9,8.6,.200,,3.8,1.6,5.4,3.9
Chris Webber,2002-03,29,SAC,NBA,PF,67,2622,20.9,.485,.015,.247,6.9,21.1,14.4,24.6,2.0,2.2,11.9,30.4,,1.7,5.3,6.9,.127,,2.0,1.5,3.5,3.6
Chris Webber,2003-04,30,SAC,NBA,PF,23,831,17.2,.456,.012,.271,6.7,20.3,13.6,22.0,1.9,1.7,11.3,28.9,,0.1,0.9,1.1,.061,,-0.2,-0.4,-0.6,0.3
Chris Webber,2004-05,31,TOT,NBA,PF,67,2370,18.6,.472,.034,.178,6.1,22.8,14.4,24.2,2.0,1.6,11.6,29.3,,0.2,3.2,3.4,.070,,0.3,0.4,0.7,1.6
Chris Webber,2005-06,32,PHI,NBA,PF,75,2893,18.4,.482,.054,.245,7.4,22.6,15.0,16.4,1.8,1.6,10.4,27.7,,1.1,3.3,4.4,.074,,0.6,-0.7,-0.1,1.3
Chris Webber,2006-07,33,TOT,NBA,PF,61,1821,16.0,.482,.017,.250,8.1,20.5,14.3,17.8,1.8,1.7,13.1,21.1,,0.7,2.7,3.4,.090,,0.0,1.0,1.0,1.4
Chris Webber,2007-08,34,GSW,NBA,PF,9,126,10.7,.482,.000,.387,1.6,26.5,13.6,19.3,1.5,3.5,23.3,15.8,,-0.1,0.2,0.1,.025,,-3.6,2.5,-1.1,0.0
Grant Hill,1994-95,22,DET,NBA,SF,70,2678,19.0,.541,.025,.480,5.4,14.1,9.7,22.5,2.4,1.7,13.5,24.9,,3.7,1.8,5.4,.097,,2.1,-0.1,2.0,2.7
Grant Hill,1995-96,23,DET,NBA,SF,80,3260,20.9,.537,.021,.529,4.9,23.4,14.5,31.4,1.7,1.2,14.9,25.9,,6.0,5.7,11.7,.172,,3.1,1.7,4.8,5.6
Grant Hill,1996-97,24,DET,NBA,SF,80,3147,25.5,.556,.026,.503,5.0,23.1,14.2,36.0,2.6,1.3,14.4,28.3,,8.7,5.9,14.6,.223,,5.4,2.7,8.2,8.0
Grant Hill,1997-98,25,DET,NBA,SF,81,3294,21.2,.520,.015,.475,3.3,19.3,11.3,31.5,2.4,1.2,14.8,27.3,,5.2,5.1,10.2,.149,,3.3,1.5,4.7,5.6
Grant Hill,1998-99,26,DET,NBA,SF,50,1852,23.9,.543,.017,.473,4.3,19.3,11.7,33.6,2.4,1.2,16.0,29.6,,4.5,2.8,7.3,.189,,4.8,1.4,6.2,3.8
Grant Hill,1999-00,27,DET,NBA,SF,74,2776,24.5,.565,.069,.425,4.1,16.4,10.2,26.8,1.9,1.1,12.4,30.5,,8.1,2.6,10.7,.185,,5.4,0.1,5.4,5.2
Grant Hill,2000-01,28,ORL,NBA,SF,4,133,18.1,.505,.023,.605,6.5,14.5,10.4,30.7,1.9,1.1,16.8,21.8,,0.2,0.2,0.3,.126,,3.3,2.0,5.2,0.2
Grant Hill,2001-02,29,ORL,NBA,SF,14,512,16.7,.510,.010,.410,6.3,21.1,13.6,20.3,0.8,0.5,13.8,23.4,,0.7,0.5,1.2,.108,,0.8,-0.3,0.5,0.3
Grant Hill,2002-03,30,ORL,NBA,SF,29,843,20.8,.568,.013,.469,5.3,23.2,14.0,25.6,1.7,1.1,18.5,24.1,,1.6,1.0,2.5,.144,,2.9,0.5,3.4,1.1
Grant Hill,2004-05,32,ORL,NBA,SF,67,2338,20.0,.565,.013,.336,3.7,11.4,7.6,17.1,2.1,0.9,12.1,24.8,,4.7,1.9,6.6,.136,,2.3,0.2,2.5,2.7
Grant Hill,2005-06,33,ORL,NBA,SF,21,613,19.0,.552,.033,.420,3.1,12.7,8.1,14.6,2.1,0.8,10.8,24.9,,1.1,0.6,1.7,.130,,1.5,0.0,1.5,0.5
Grant Hill,2006-07,34,ORL,NBA,SG,65,2009,16.3,.582,.018,.491,3.3,11.0,7.3,12.3,1.6,1.0,15.2,21.8,,2.9,2.3,5.1,.123,,0.7,0.4,1.1,1.6
Grant Hill,2007-08,35,PHO,NBA,SF,70,2222,15.7,.576,.146,.275,4.1,13.1,9.0,13.1,1.5,1.6,10.7,18.0,,3.8,2.1,5.9,.127,,0.9,0.5,1.4,1.9
Grant Hill,2008-09,36,PHO,NBA,SF,82,2445,15.2,.584,.102,.301,3.2,15.7,9.7,11.0,1.8,1.6,13.0,17.5,,3.5,1.9,5.3,.104,,0.4,0.4,0.8,1.7
Grant Hill,2009-10,37,PHO,NBA,SF,81,2430,14.0,.561,.114,.357,3.6,16.3,10.3,11.2,1.2,1.0,11.7,16.8,,3.7,1.8,5.5,.109,,0.3,0.3,0.6,1.6
Grant Hill,2010-11,38,PHO,NBA,SF,80,2409,14.7,.563,.138,.312,3.7,12.5,8.1,13.0,1.4,1.1,12.5,20.1,,3.1,1.3,4.4,.087,,-0.2,-0.3,-0.5,0.9
Grant Hill,2011-12,39,PHO,NBA,SF,49,1378,12.3,.500,.118,.242,2.4,11.5,7.0,12.1,1.5,1.5,11.5,18.6,,0.6,0.9,1.6,.055,,-1.4,0.5,-0.9,0.4
Grant Hill,2012-13,40,LAC,NBA,SF,29,437,4.8,.428,.112,.245,1.7,11.5,6.7,8.3,1.3,1.3,18.7,14.0,,-0.5,0.4,-0.1,-0.014,,-5.3,-0.3,-5.6,-0.4
Jason Kidd,1994-95,21,DAL,NBA,PG,79,2668,15.1,.471,.300,.321,5.8,11.9,8.7,33.2,2.9,0.6,20.4,19.0,,1.1,2.6,3.7,.066,,0.6,0.6,1.2,2.1
Jason Kidd,1995-96,22,DAL,NBA,PG,81,3034,17.8,.468,.306,.256,6.5,13.3,9.6,41.5,2.9,0.6,18.6,24.3,,1.7,2.6,4.3,.068,,2.3,-0.3,2.0,3.0
Jason Kidd,1996-97,23,TOT,NBA,PG,55,1964,16.9,.498,.312,.312,3.8,11.0,7.4,38.9,3.3,0.8,19.1,17.2,,2.3,2.0,4.4,.107,,1.2,0.7,1.8,1.9
Jason Kidd,1997-98,24,PHO,NBA,PG,82,3118,16.4,.502,.271,.243,4.1,14.7,9.5,35.6,2.7,0.6,21.5,17.6,,3.2,4.8,8.0,.123,,1.5,1.6,3.1,4.0
Jason Kidd,1998-99,25,PHO,NBA,PG,50,2060,22.5,.527,.176,.342,4.8,14.5,9.6,44.0,3.0,0.7,15.7,21.4,,5.8,2.3,8.1,.188,,4.4,1.1,5.5,3.9
Jason Kidd,1999-00,26,PHO,NBA,PG,67,2616,18.4,.498,.194,.287,4.2,16.1,10.3,40.1,2.6,0.8,19.0,20.0,,3.7,4.8,8.5,.156,,2.3,2.0,4.3,4.2
Jason Kidd,2000-01,27,PHO,NBA,PG,77,3065,19.4,.510,.211,.367,3.3,15.2,9.1,41.2,2.8,0.5,18.3,22.7,,4.2,5.4,9.6,.150,,2.4,1.7,4.2,4.8
Jason Kidd,2001-02,28,NJN,NBA,PG,82,3056,19.1,.484,.320,.217,4.7,17.2,10.9,42.5,3.0,0.5,18.7,22.5,,3.1,5.8,8.9,.140,,3.0,1.5,4.5,5.0
Jason Kidd,2002-03,29,NJN,NBA,PG,80,2989,22.2,.526,.297,.324,4.2,15.1,9.6,42.2,3.1,0.6,17.2,25.9,,5.5,5.8,11.3,.182,,4.8,1.8,6.6,6.5
Jason Kidd,2003-04,30,NJN,NBA,PG,67,2450,19.7,.485,.306,.260,4.1,16.5,10.3,44.8,2.7,0.4,16.7,24.6,,2.8,4.4,7.2,.141,,3.4,1.3,4.7,4.2
Jason Kidd,2004-05,31,NJN,NBA,PG,66,2435,19.5,.506,.419,.225,4.6,19.8,12.1,40.6,2.7,0.3,15.1,21.3,,3.1,4.2,7.2,.143,,3.3,1.4,4.6,4.1
Jason Kidd,2005-06,32,NJN,NBA,PG,80,2975,19.2,.526,.436,.270,3.3,19.8,11.4,39.0,2.7,0.8,15.9,19.1,,4.5,5.6,10.1,.163,,2.8,2.6,5.4,5.5
Jason Kidd,2006-07,33,NJN,NBA,PG,80,2933,19.4,.516,.398,.253,5.5,20.8,13.2,41.4,2.3,0.6,17.4,19.4,,5.1,4.1,9.3,.152,,3.1,1.5,4.7,4.9
Jason Kidd,2007-08,34,TOT,NBA,PG,80,2906,16.7,.499,.393,.208,3.8,20.0,12.0,44.0,2.5,0.7,23.5,17.9,,2.0,3.8,5.9,.097,,1.6,1.3,3.0,3.6
Jason Kidd,2008-09,35,DAL,NBA,PG,81,2886,16.9,.550,.523,.170,3.4,16.4,9.9,34.7,2.9,1.0,21.8,13.5,,4.6,3.9,8.5,.141,,1.6,1.9,3.6,4.0
Jason Kidd,2009-10,36,DAL,NBA,PG,80,2881,17.2,.577,.617,.148,1.9,15.6,8.9,36.4,2.6,0.9,21.4,14.5,,4.8,4.0,8.9,.148,,2.5,1.7,4.2,4.5
Jason Kidd,2010-11,37,DAL,NBA,PG,80,2653,14.4,.500,.656,.129,1.6,13.4,7.7,35.4,2.7,0.8,22.1,14.3,,2.5,3.9,6.4,.116,,0.9,2.0,2.8,3.3
Jason Kidd,2011-12,38,DAL,NBA,PG,48,1379,13.1,.524,.817,.103,1.2,14.8,8.1,28.4,3.1,0.6,24.2,12.7,,0.9,2.1,3.0,.104,,-0.8,2.4,1.6,1.2
Jason Kidd,2012-13,39,NYK,NBA,SG,76,2043,13.5,.532,.795,.117,2.8,16.2,9.3,17.8,3.3,1.1,15.0,11.6,,2.6,2.8,5.4,.128,,0.6,2.7,3.3,2.7
Damon Stoudemire,1995-96,22,TOR,NBA,PG,70,2865,16.7,.528,.298,.262,2.4,9.3,5.8,37.4,1.8,0.5,17.5,23.5,,3.7,0.6,4.3,.072,,2.5,-2.4,0.1,1.6
Damon Stoudemire,1996-97,23,TOR,NBA,PG,81,3311,18.1,.516,.353,.285,3.0,8.9,5.8,38.2,2.0,0.3,15.4,25.3,,5.8,1.8,7.6,.110,,3.4,-1.6,1.8,3.1
Damon Stoudemire,1997-98,24,TOT,NBA,PG,71,2839,16.8,.503,.279,.263,3.4,8.6,5.9,35.1,2.1,0.2,15.5,22.4,,3.9,0.8,4.7,.079,,2.0,-1.9,0.1,1.5
Damon Stoudemire,1998-99,25,POR,NBA,PG,50,1673,14.7,.462,.226,.194,2.9,8.4,5.8,32.8,1.6,0.2,13.9,21.7,,1.7,1.8,3.6,.102,,0.8,-0.7,0.1,0.9
Damon Stoudemire,1999-00,26,POR,NBA,PG,78,2372,15.5,.508,.237,.162,3.2,8.6,6.0,28.4,1.7,0.0,13.5,21.5,,3.6,2.5,6.1,.124,,1.2,-0.3,0.9,1.7
Damon Stoudemire,2000-01,27,POR,NBA,PG,82,2655,16.3,.519,.234,.221,3.2,10.2,6.8,29.1,2.1,0.2,15.7,21.3,,4.1,2.5,6.7,.121,,1.1,-0.1,1.0,2.0
Damon Stoudemire,2001-02,28,POR,NBA,PG,75,2796,14.7,.506,.321,.214,3.2,9.1,6.1,28.0,1.3,0.2,12.9,18.8,,4.9,1.7,6.6,.113,,1.2,-0.8,0.5,1.7
Damon Stoudemire,2002-03,29,POR,NBA,PG,59,1315,12.1,.460,.275,.161,3.7,10.6,7.1,24.5,1.6,0.3,15.6,18.5,,0.6,1.1,1.6,.059,,-0.3,-0.6,-0.9,0.4
Damon Stoudemire,2003-04,30,POR,NBA,PG,82,3118,14.8,.508,.419,.142,2.0,9.7,5.9,27.0,1.8,0.2,14.3,19.2,,4.5,1.4,5.9,.091,,1.1,-0.9,0.2,1.7
Damon Stoudemire,2004-05,31,POR,NBA,PG,81,2762,16.6,.510,.421,.171,2.4,10.2,6.5,29.2,1.7,0.1,11.6,23.6,,4.2,1.4,5.7,.099,,2.3,-1.3,1.0,2.1
Damon Stoudemire,2005-06,32,MEM,NBA,PG,27,862,13.7,.504,.362,.216,3.3,10.0,6.7,26.6,1.2,0.1,14.9,20.8,,0.7,1.0,1.7,.093,,0.4,-0.5,-0.1,0.4
Damon Stoudemire,2006-07,33,MEM,NBA,PG,62,1501,12.6,.493,.400,.190,2.5,8.6,5.5,31.3,1.6,0.1,17.6,17.3,,1.1,0.1,1.1,.036,,0.1,-2.0,-1.9,0.1
Damon Stoudemire,2007-08,34,TOT,NBA,PG,60,1037,8.9,.450,.442,.101,2.2,10.8,6.5,24.6,1.5,0.1,18.5,19.1,,-0.9,0.8,-0.1,-0.004,,-2.7,-1.0,-3.7,-0.4
Allen Iverson,1996-97,21,PHI,NBA,PG,76,3045,18.0,.513,.303,.362,4.0,7.2,5.6,33.6,2.6,0.6,16.2,28.9,,3.1,1.0,4.1,.065,,2.5,-1.6,0.9,2.2
Allen Iverson,1997-98,22,PHI,NBA,PG,80,3150,20.4,.535,.167,.380,3.1,7.7,5.4,30.6,3.0,0.6,12.9,26.9,,6.3,2.8,9.0,.138,,3.5,0.1,3.6,4.5
Allen Iverson,1998-99,23,PHI,NBA,SG,48,1990,22.2,.508,.188,.449,3.8,10.1,6.9,24.2,3.0,0.3,11.7,32.6,,4.3,2.9,7.2,.173,,5.1,0.6,5.7,3.9
Allen Iverson,1999-00,24,PHI,NBA,SG,70,2853,20.0,.496,.151,.358,2.7,7.7,5.2,23.0,2.6,0.1,10.3,34.4,,3.3,3.6,6.9,.116,,3.4,-0.2,3.2,3.8
Allen Iverson,2000-01,25,PHI,NBA,SG,71,2979,24.0,.518,.169,.397,1.9,8.3,5.2,23.0,3.2,0.5,10.0,35.9,,7.3,4.5,11.8,.190,,5.0,1.1,6.1,6.1
Allen Iverson,2001-02,26,PHI,NBA,SG,60,2622,21.9,.489,.161,.351,1.9,9.6,5.8,27.6,3.5,0.4,11.0,37.8,,2.6,4.3,6.9,.126,,3.9,0.8,4.8,4.5
Allen Iverson,2002-03,27,PHI,NBA,SG,82,3485,21.2,.500,.156,.379,2.3,9.5,5.8,25.1,3.4,0.3,11.2,32.9,,5.0,4.2,9.2,.127,,3.2,0.2,3.5,4.8
Allen Iverson,2003-04,28,PHI,NBA,SG,48,2040,19.3,.478,.177,.404,2.0,8.2,5.1,34.4,3.1,0.2,13.6,35.3,,0.5,2.3,2.8,.066,,2.7,-0.6,2.1,2.1
Allen Iverson,2004-05,29,PHI,NBA,PG,75,3174,23.2,.532,.186,.432,1.8,8.9,5.3,37.6,2.9,0.2,13.7,35.0,,5.3,3.7,9.0,.136,,4.2,0.0,4.2,5.0
Allen Iverson,2005-06,30,PHI,NBA,PG,72,3103,25.9,.543,.122,.455,1.7,7.1,4.4,34.9,2.3,0.2,10.2,35.8,,8.8,1.8,10.6,.165,,5.8,-1.0,4.8,5.3
Allen Iverson,2006-07,31,TOT,NBA,PGSG,65,2761,19.6,.540,.150,.465,1.0,6.9,4.0,29.6,2.2,0.3,14.5,29.3,,4.0,2.2,6.2,.108,,2.6,-0.8,1.8,2.6
Allen Iverson,2007-08,32,DEN,NBA,SG,82,3424,20.9,.567,.177,.512,1.5,6.1,3.8,27.4,2.2,0.2,11.4,26.7,,8.9,2.8,11.6,.163,,3.4,-0.7,2.7,4.0
Allen Iverson,2008-09,33,TOT,NBA,PGSG,57,2093,15.8,.504,.119,.416,1.7,8.2,4.9,23.1,2.3,0.2,12.9,25.7,,0.9,1.9,2.9,.066,,0.2,0.0,0.2,1.1
Allen Iverson,2009-10,34,TOT,NBA,PGSG,28,865,13.4,.515,.079,.415,2.1,8.7,5.4,21.0,1.2,0.2,14.6,23.0,,0.5,0.2,0.7,.037,,-1.0,-1.9,-3.0,-0.2
Tim Duncan,1997-98,21,SAS,NBA,PF,82,3204,22.6,.577,.008,.375,10.5,23.8,17.6,13.7,0.9,4.5,15.7,26.0,,5.6,7.2,12.8,.192,,2.5,2.0,4.6,5.3
Tim Duncan,1998-99,22,SAS,NBA,PF,50,1963,23.2,.541,.008,.424,9.7,22.2,16.3,12.1,1.2,4.4,12.7,27.2,,4.0,4.7,8.7,.213,,2.7,1.8,4.5,3.2
Tim Duncan,1999-00,23,SAS,NBA,PF,74,2875,24.8,.555,.009,.471,10.8,24.8,18.1,15.5,1.2,4.0,13.5,28.7,,6.7,6.4,13.0,.218,,3.8,1.8,5.6,5.5
Tim Duncan,2000-01,24,SAS,NBA,PF,82,3174,23.8,.536,.019,.471,9.7,25.1,17.8,15.3,1.2,4.2,12.5,28.7,,6.2,7.1,13.2,.200,,2.9,1.8,4.7,5.4
Tim Duncan,2001-02,25,SAS,NBA,PF,82,3329,27.0,.576,.007,.466,9.6,25.9,18.0,18.3,1.0,4.3,12.7,29.0,,10.7,7.1,17.8,.257,,5.4,2.2,7.6,8.0
Tim Duncan,2002-03,26,SAS,NBA,PF,81,3181,26.9,.564,.016,.455,9.9,27.3,19.0,19.5,0.9,5.2,12.9,28.0,,9.5,6.9,16.5,.248,,5.0,2.5,7.6,7.7
Tim Duncan,2003-04,27,SAS,NBA,PF,69,2527,27.1,.534,.010,.498,10.2,27.6,19.0,17.4,1.3,5.3,11.3,29.7,,5.9,7.2,13.1,.249,,5.2,3.3,8.5,6.7
Tim Duncan,2004-05,28,SAS,NBA,PF,66,2203,27.0,.540,.009,.437,10.7,28.2,19.4,16.1,1.1,5.7,9.3,28.9,,5.5,5.7,11.2,.245,,4.8,2.8,7.6,5.4
Tim Duncan,2005-06,29,SAS,NBA,PF,80,2784,23.1,.523,.004,.450,10.1,26.9,18.7,16.5,1.4,4.2,12.2,27.7,,3.9,6.9,10.8,.187,,2.3,2.6,5.0,4.9
Tim Duncan,2006-07,30,SAS,NBA,C,80,2726,26.1,.579,.008,.502,9.8,27.0,18.8,18.8,1.3,5.1,14.0,27.9,,6.3,6.8,13.0,.230,,3.8,3.2,7.0,6.2
Tim Duncan,2007-08,31,SAS,NBA,C,78,2651,24.4,.546,.003,.393,10.7,28.3,19.6,15.7,1.1,4.3,11.4,28.2,,4.9,6.2,11.1,.201,,3.0,2.2,5.2,4.8
Tim Duncan,2008-09,32,SAS,NBA,C,75,2524,24.4,.549,.002,.436,9.6,27.9,18.9,19.3,0.8,3.7,11.1,28.5,,5.0,5.0,10.1,.191,,3.4,2.0,5.4,4.7
Tim Duncan,2009-10,33,SAS,NBA,C,78,2438,24.7,.560,.010,.346,10.8,26.8,18.9,17.8,1.0,3.5,10.1,26.0,,6.4,4.5,10.9,.215,,4.4,1.8,6.1,5.0
Tim Duncan,2010-11,34,SAS,NBA,C,76,2156,21.9,.537,.005,.307,9.3,26.8,18.3,15.7,1.2,4.8,11.4,22.9,,3.7,4.0,7.7,.171,,2.2,2.2,4.4,3.5
Tim Duncan,2011-12,35,SAS,NBA,C,58,1634,22.5,.531,.005,.340,7.9,28.2,18.3,13.5,1.2,3.9,10.3,26.2,,3.0,2.9,5.9,.174,,2.0,1.3,3.3,2.2
Tim Duncan,2012-13,36,SAS,NBA,C,69,2078,24.4,.554,.007,.307,7.3,29.6,19.1,15.5,1.2,6.4,11.7,27.8,,3.4,4.9,8.3,.191,,2.4,2.9,5.3,3.8
Tim Duncan,2013-14,37,SAS,NBA,C,74,2158,21.3,.535,.006,.349,8.6,28.3,18.8,16.0,1.0,4.6,13.2,25.2,,2.8,4.6,7.4,.164,,1.2,2.1,3.3,2.9
Tim Duncan,2014-15,38,SAS,NBA,C,77,2227,22.6,.560,.009,.380,8.8,26.7,17.9,16.8,1.4,5.1,12.1,22.2,,4.9,4.7,9.6,.207,,2.3,2.8,5.1,4.0
Tim Duncan,2015-16,39,SAS,NBA,C,61,1536,16.9,.523,.005,.297,8.8,23.8,16.6,15.3,1.6,3.9,15.3,17.6,,1.6,3.6,5.2,.163,,-0.1,3.1,3.0,2.0
Vince Carter,1998-99,22,TOR,NBA,SF,50,1760,19.6,.516,.086,.350,6.1,12.6,9.3,17.2,1.7,3.3,11.1,25.6,,3.6,1.4,5.0,.136,,3.1,-0.4,2.8,2.1
Vince Carter,1999-00,23,TOR,NBA,SF,82,3126,23.4,.543,.139,.325,5.2,12.1,8.5,20.5,1.8,2.1,8.4,30.0,,9.1,2.7,11.8,.182,,5.6,-0.1,5.5,5.9
Vince Carter,2000-01,24,TOR,NBA,SF,75,2979,25.0,.551,.240,.303,6.5,9.3,7.9,19.2,2.0,1.9,8.2,30.7,,10.3,2.6,12.9,.208,,7.6,0.1,7.6,7.2
Vince Carter,2001-02,25,TOR,NBA,SG,60,2385,20.5,.515,.239,.235,6.4,8.7,7.5,19.9,2.1,1.3,9.6,30.5,,4.6,2.4,7.0,.140,,4.7,-0.3,4.4,3.9
Vince Carter,2002-03,26,TOR,NBA,SG,43,1471,21.9,.532,.172,.211,4.4,10.4,7.3,20.4,1.7,2.0,8.2,28.1,,3.4,0.8,4.2,.136,,4.7,-0.2,4.5,2.4
Vince Carter,2003-04,27,TOR,NBA,SG,73,2785,20.0,.501,.167,.286,3.9,10.6,7.2,28.0,1.7,1.7,12.0,32.5,,2.6,3.4,6.0,.103,,3.5,0.2,3.6,3.9
Vince Carter,2004-05,28,TOT,NBA,SFSG,77,2828,22.9,.541,.203,.299,4.4,12.6,8.4,25.7,2.1,1.3,8.8,31.6,,5.9,3.5,9.4,.159,,5.2,0.8,6.0,5.7
Vince Carter,2005-06,29,NJN,NBA,SG,79,2906,21.6,.536,.242,.396,5.4,13.4,9.3,24.4,1.7,1.5,10.7,32.3,,4.9,4.4,9.3,.153,,4.5,0.5,5.1,5.2
Vince Carter,2006-07,30,NJN,NBA,SG,82,3126,21.8,.559,.273,.360,4.3,14.2,9.3,25.1,1.4,0.8,10.5,30.8,,7.4,3.1,10.5,.161,,4.3,-0.4,3.9,4.6
Vince Carter,2007-08,31,NJN,NBA,SG,76,2959,18.8,.550,.212,.333,4.4,13.4,8.9,25.2,1.6,0.9,10.9,25.6,,5.5,2.2,7.7,.126,,2.6,-0.3,2.4,3.3
Vince Carter,2008-09,32,NJN,NBA,SG,80,2946,19.3,.545,.291,.305,3.0,13.8,8.3,23.7,1.5,1.1,9.8,26.8,,5.7,1.8,7.5,.123,,3.3,-0.8,2.4,3.3
Vince Carter,2009-10,33,ORL,NBA,SG,75,2310,17.1,.541,.319,.301,1.7,12.6,7.3,17.8,1.2,0.6,8.4,25.2,,4.4,3.0,7.4,.154,,1.6,0.4,2.0,2.3
Vince Carter,2010-11,34,TOT,NBA,SG,73,2051,14.8,.528,.360,.194,3.1,12.4,7.8,12.1,1.7,0.7,8.5,23.5,,2.0,1.9,3.8,.089,,0.1,0.2,0.3,1.2
Vince Carter,2011-12,35,DAL,NBA,SG,61,1542,13.6,.519,.378,.212,2.3,12.5,7.5,15.0,1.9,1.3,12.4,20.4,,1.0,1.8,2.9,.090,,-0.7,0.8,0.1,0.8
Vince Carter,2012-13,36,DAL,NBA,SF,81,2093,17.8,.571,.467,.261,3.1,14.4,8.9,15.0,1.8,1.6,10.0,23.1,,3.9,2.0,6.0,.137,,2.7,0.3,3.1,2.6
Vince Carter,2013-14,37,DAL,NBA,SG,81,1973,15.9,.539,.457,.242,4.0,12.6,8.3,16.5,1.6,1.5,10.7,23.1,,3.0,1.3,4.3,.105,,1.8,-0.5,1.2,1.6
Vince Carter,2014-15,38,MEM,NBA,SG,66,1091,9.6,.445,.571,.140,2.8,11.1,7.0,11.1,2.1,1.1,9.1,19.9,,-0.5,1.4,1.0,.043,,-2.1,0.4,-1.7,0.1
Vince Carter,2015-16,39,MEM,NBA,SG,60,1005,12.7,.520,.493,.245,3.4,13.6,8.3,8.9,1.9,1.5,8.4,18.5,,1.0,0.8,1.8,.084,,-0.4,-0.6,-1.0,0.3
Vince Carter,2016-17,40,MEM,NBA,SF,73,1799,11.7,.542,.604,.235,2.2,12.5,7.2,11.5,1.7,1.9,8.5,14.9,,1.9,2.1,4.0,.106,,-0.3,1.1,0.8,1.3
Vince Carter,2017-18,41,SAC,NBA,SF,58,1026,10.8,.523,.583,.131,1.9,15.1,8.2,9.7,2.1,2.4,10.7,14.7,,0.3,0.9,1.2,.056,,-1.9,0.7,-1.2,0.2
Vince Carter,2018-19,42,ATL,NBA,PF,76,1330,11.8,.565,.675,.141,2.4,13.2,7.7,9.3,1.5,1.8,8.8,16.7,,1.2,0.7,1.9,.070,,-0.4,-0.3,-0.7,0.5
Vince Carter,2019-20,43,ATL,NBA,PF,60,876,7.5,.470,.664,.095,2.2,13.2,7.6,7.7,1.2,2.4,9.4,16.6,,-0.6,0.4,-0.2,-0.011,,-3.1,-1.2,-4.3,-0.5
Elton Brand,1999-00,20,CHI,NBA,PF,81,2999,20.6,.528,.002,.410,13.3,18.4,15.8,11.8,1.2,3.3,12.9,27.0,,4.2,3.3,7.5,.121,,2.2,-0.9,1.3,2.5
Elton Brand,2000-01,21,CHI,NBA,PF,74,2906,20.4,.524,.002,.388,11.2,19.6,15.2,17.0,1.3,3.0,13.3,26.3,,4.1,2.0,6.1,.101,,2.2,-1.2,1.1,2.2
Elton Brand,2001-02,22,LAC,NBA,PF,80,3020,23.6,.586,.000,.519,15.0,19.6,17.3,11.0,1.4,3.7,12.2,21.1,,9.9,3.7,13.6,.216,,3.9,0.4,4.3,4.8
Elton Brand,2002-03,23,LAC,NBA,PF,62,2454,21.7,.543,.001,.396,13.1,19.3,16.2,12.0,1.5,4.6,13.2,22.4,,4.9,2.7,7.6,.149,,2.5,0.5,3.0,3.1
Elton Brand,2003-04,24,LAC,NBA,PF,69,2670,23.2,.567,.001,.542,11.4,19.1,15.2,16.0,1.3,4.2,13.7,23.4,,7.9,1.8,9.7,.174,,4.0,0.0,4.0,4.0
Elton Brand,2004-05,25,LAC,NBA,PF,81,3001,22.4,.554,.002,.387,12.2,18.4,15.4,13.3,1.1,4.3,11.1,25.4,,6.9,3.7,10.6,.169,,3.4,0.2,3.6,4.2
Elton Brand,2005-06,26,LAC,NBA,PF,79,3099,26.5,.580,.002,.396,9.3,19.9,14.8,13.1,1.4,4.9,9.3,27.7,,9.3,5.5,14.8,.229,,5.1,1.6,6.7,6.8
Elton Brand,2006-07,27,LAC,NBA,PF,80,3077,23.1,.581,.001,.381,10.5,18.3,14.5,14.7,1.3,4.5,12.5,24.3,,7.2,4.3,11.5,.180,,3.4,0.8,4.2,4.8
Elton Brand,2007-08,28,LAC,NBA,PF,8,274,18.0,.523,.000,.412,8.8,18.2,13.5,11.2,0.6,4.1,11.2,25.5,,0.2,0.3,0.5,.080,,0.3,-0.6,-0.3,0.1
Elton Brand,2008-09,29,PHI,NBA,PF,29,920,14.6,.484,.000,.296,9.9,23.2,16.5,6.9,1.0,3.9,14.2,23.8,,-0.4,1.3,0.9,.047,,-2.0,0.2,-1.9,0.0
Elton Brand,2009-10,30,PHI,NBA,PF,76,2297,15.7,.518,.001,.272,9.0,14.7,11.8,7.9,1.9,2.7,12.0,21.7,,1.6,1.9,3.5,.073,,-1.1,-0.7,-1.8,0.1
Elton Brand,2010-11,31,PHI,NBA,PF,81,2809,18.5,.553,.001,.278,9.7,18.0,13.9,7.1,1.7,2.9,8.4,19.7,,5.1,4.4,9.4,.161,,0.7,0.6,1.3,2.4
Elton Brand,2011-12,32,PHI,NBA,C,60,1732,18.0,.521,.002,.200,9.2,18.3,13.7,9.2,1.8,4.2,9.3,18.9,,2.5,3.6,6.1,.168,,-0.2,1.8,1.6,1.6
Elton Brand,2012-13,33,DAL,NBA,C,72,1527,15.2,.499,.002,.195,9.7,21.5,15.7,7.1,1.7,4.6,9.9,17.2,,1.2,2.2,3.4,.107,,-1.7,0.9,-0.9,0.4
Elton Brand,2013-14,34,ATL,NBA,C,73,1414,14.0,.561,.006,.283,8.0,21.5,14.8,8.1,1.4,4.9,13.8,13.9,,1.4,2.1,3.6,.121,,-2.4,1.6,-0.8,0.4
Elton Brand,2014-15,35,ATL,NBA,C,36,486,9.4,.457,.011,.242,6.8,16.4,11.8,6.4,1.8,4.3,14.6,11.6,,-0.1,0.8,0.7,.070,,-4.3,1.4,-3.0,-0.1
Elton Brand,2015-16,36,PHI,NBA,C,17,225,11.4,.461,.014,.125,4.2,27.0,15.2,13.1,2.0,2.7,12.6,16.9,,-0.1,0.3,0.2,.036,,-4.7,1.3,-3.4,-0.1
Steve Francis,1999-00,22,HOU,NBA,PG,77,2776,18.4,.543,.278,.327,6.3,10.2,8.3,31.6,2.2,0.7,19.3,25.0,,4.4,2.0,6.4,.111,,2.7,-0.6,2.0,2.8
Steve Francis,2000-01,23,HOU,NBA,PG,80,3194,21.6,.563,.276,.359,7.1,12.8,10.0,28.4,2.3,0.7,15.8,24.2,,9.2,3.0,12.2,.184,,4.5,0.5,5.0,5.7
Steve Francis,2001-02,24,HOU,NBA,PG,57,2343,19.1,.517,.209,.419,4.9,14.8,9.8,29.1,1.6,0.7,15.6,28.0,,3.2,1.2,4.4,.091,,2.5,-0.8,1.7,2.1
Steve Francis,2002-03,25,HOU,NBA,PG,81,3318,20.6,.541,.183,.454,5.7,11.5,8.7,28.0,2.3,0.9,16.0,26.1,,7.4,3.7,11.1,.160,,3.4,0.3,3.8,4.8
Steve Francis,2003-04,26,HOU,NBA,PG,79,3194,15.8,.501,.224,.389,4.5,11.1,8.0,28.3,2.4,0.8,18.3,24.0,,2.4,4.7,7.1,.107,,0.5,0.9,1.4,2.7
Steve Francis,2004-05,27,ORL,NBA,PG,78,2978,18.9,.521,.095,.456,4.8,12.0,8.5,31.6,1.9,0.7,16.6,28.0,,3.9,2.3,6.2,.100,,2.1,-0.9,1.2,2.4
Steve Francis,2005-06,28,TOT,NBA,PG/SG,70,2393,15.2,.534,.108,.522,3.9,10.9,7.5,24.6,1.7,0.6,18.5,22.6,,2.2,1.4,3.6,.073,,0.7,-0.7,0.0,1.2
Steve Francis,2006-07,29,NYK,NBA,SG,44,1237,15.1,.570,.324,.615,3.2,11.8,7.5,22.4,1.8,0.8,18.7,19.7,,2.0,0.9,2.9,.113,,0.6,0.2,0.7,0.9
Steve Francis,2007-08,30,HOU,NBA,PG,10,199,9.1,.410,.298,.404,4.6,8.4,6.5,22.7,2.4,1.8,17.3,18.6,,-0.2,0.3,0.2,.039,,-4.0,2.0,-2.0,0.0
Mike Miller,2000-01,20,ORL,NBA,SF,82,2390,13.2,.541,.431,.151,3.0,12.4,7.6,9.7,1.1,0.6,9.7,18.5,,3.3,1.9,5.3,.106,,0.7,-0.9,-0.2,1.0
Mike Miller,2001-02,21,ORL,NBA,SF,63,2123,15.0,.542,.378,.226,2.6,11.9,7.2,15.2,1.1,0.8,10.9,20.9,,3.1,1.3,4.5,.101,,1.3,-1.0,0.3,1.2
Mike Miller,2002-03,22,TOT,NBA,SF,65,2186,14.7,.537,.349,.217,2.4,15.7,8.9,13.5,1.0,0.7,11.7,21.8,,2.7,1.3,4.0,.087,,1.1,-1.3,-0.2,1.0
Mike Miller,2003-04,23,MEM,NBA,SF,65,1770,14.9,.532,.349,.229,2.7,11.2,6.9,22.1,1.8,0.6,13.6,20.0,,2.5,1.4,3.9,.107,,0.8,-0.2,0.6,1.1
Mike Miller,2004-05,24,MEM,NBA,SF,76,2278,16.7,.614,.422,.196,1.9,13.8,7.9,17.8,1.3,0.8,13.2,19.8,,4.5,2.6,7.0,.148,,2.4,0.4,2.9,2.8
Mike Miller,2005-06,25,MEM,NBA,SG,74,2268,17.2,.595,.446,.276,2.3,18.8,10.6,16.5,1.3,1.0,14.1,21.3,,3.9,3.5,7.4,.157,,2.4,0.6,3.0,2.9
Mike Miller,2006-07,26,MEM,NBA,SG,70,2740,16.4,.588,.493,.201,2.3,14.2,8.2,18.7,1.0,0.5,14.0,21.1,,4.6,0.3,4.8,.085,,3.1,-1.7,1.4,2.3
Mike Miller,2007-08,27,MEM,NBA,SG,70,2474,16.1,.625,.436,.257,2.3,19.0,10.6,16.0,0.7,0.5,16.6,19.8,,3.9,1.1,5.0,.098,,2.2,-1.1,1.1,2.0
Mike Miller,2008-09,28,MIN,NBA,SF,73,2356,13.8,.588,.411,.272,3.5,21.2,12.0,21.6,0.7,1.0,19.1,14.5,,2.8,1.4,4.2,.086,,0.9,0.3,1.1,1.8
Mike Miller,2009-10,29,WAS,NBA,SG,54,1805,13.9,.623,.395,.196,3.5,18.2,10.7,18.4,1.1,0.5,19.6,14.7,,2.5,1.4,3.9,.104,,0.9,0.4,1.3,1.5
Mike Miller,2010-11,30,MIA,NBA,SG,41,838,9.7,.525,.584,.168,5.7,19.5,13.0,9.1,1.3,0.2,15.9,14.4,,0.4,1.2,1.6,.090,,-1.5,0.1,-1.4,0.1
Mike Miller,2011-12,31,MIA,NBA,SG,39,752,11.4,.561,.560,.024,3.6,16.2,10.2,8.7,1.0,0.6,12.4,14.9,,0.8,1.0,1.8,.113,,0.3,-0.2,0.1,0.4
Mike Miller,2012-13,32,MIA,NBA,SF,59,900,13.5,.596,.758,.048,2.6,18.0,10.7,16.2,1.2,0.4,12.9,14.4,,1.6,1.0,2.6,.137,,1.8,-0.3,1.5,0.8
Mike Miller,2013-14,33,MEM,NBA,SF,82,1707,12.5,.619,.526,.126,2.1,12.3,7.2,11.5,0.8,0.2,14.1,14.7,,2.6,1.4,3.9,.111,,0.7,-0.3,0.4,1.0
Mike Miller,2014-15,34,CLE,NBA,SF,52,701,4.6,.471,.860,.035,0.7,14.0,7.4,9.0,1.0,0.5,16.6,8.9,,-0.1,0.5,0.4,.028,,-3.7,0.3,-3.4,-0.2
Mike Miller,2015-16,35,DEN,NBA,SF,47,373,6.5,.508,.839,.000,1.8,14.2,7.9,14.9,1.7,0.9,21.5,9.3,,0.1,0.3,0.3,.040,,-3.8,1.2,-2.6,0.0
Mike Miller,2016-17,36,DEN,NBA,SF,20,151,7.6,.586,.870,.087,1.5,26.1,13.9,18.3,0.6,0.0,35.2,10.4,,0.0,0.1,0.1,.018,,-2.0,0.5,-1.5,0.0
Pau Gasol,2001-02,21,MEM,NBA,PF,82,3007,19.5,.566,.005,.448,8.8,18.2,13.5,13.8,0.7,3.9,15.0,22.6,,4.8,2.8,7.6,.121,,1.5,0.2,1.7,2.8
Pau Gasol,2002-03,22,MEM,NBA,PF,82,2948,20.7,.570,.009,.506,7.4,19.9,13.7,13.6,0.6,3.4,13.5,24.1,,6.5,2.0,8.5,.138,,2.1,-0.3,1.8,2.8
Pau Gasol,2003-04,23,MEM,NBA,PF,78,2458,21.7,.542,.014,.487,9.4,18.3,13.8,14.9,0.9,3.9,12.8,26.8,,5.3,2.8,8.1,.159,,2.9,0.1,2.9,3.0
Pau Gasol,2004-05,24,MEM,NBA,PF,56,1790,22.5,.582,.009,.528,8.7,18.7,13.7,14.7,1.1,4.1,13.8,26.2,,4.1,2.8,6.8,.184,,2.9,1.1,4.0,2.7
Pau Gasol,2005-06,25,MEM,NBA,PF,80,3135,22.7,.555,.010,.517,7.5,20.0,13.8,23.7,0.8,3.9,13.8,26.4,,6.6,5.4,12.0,.184,,3.9,1.7,5.5,6.0
Pau Gasol,2006-07,26,MEM,NBA,C,59,2133,24.1,.593,.013,.466,8.3,24.2,16.3,17.7,0.7,4.5,13.5,25.3,,5.4,1.5,6.9,.155,,3.7,-0.1,3.6,3.0
Pau Gasol,2007-08,27,TOT,NBA,C,66,2351,21.6,.594,.018,.407,7.4,18.7,13.1,15.2,0.6,3.0,10.6,22.1,,6.4,2.1,8.4,.172,,3.3,0.1,3.4,3.2
Pau Gasol,2008-09,28,LAL,NBA,C,81,2999,22.2,.617,.002,.420,10.0,19.3,14.7,14.8,0.9,2.1,11.3,20.4,,9.8,4.2,13.9,.223,,4.0,0.5,4.5,5.0
Pau Gasol,2009-10,29,LAL,NBA,C,65,2403,22.9,.593,.006,.429,11.4,22.7,17.1,15.0,0.8,3.5,12.5,21.4,,6.8,4.2,11.0,.220,,3.7,1.3,4.9,4.2
Pau Gasol,2010-11,30,LAL,NBA,C,82,3037,23.3,.589,.003,.384,10.3,20.5,15.6,15.1,0.8,3.3,9.8,21.8,,10.0,4.7,14.7,.232,,3.9,0.9,4.8,5.2
Pau Gasol,2011-12,31,LAL,NBA,PF,65,2430,20.4,.547,.029,.285,8.8,21.8,15.6,17.2,0.8,2.6,12.1,22.1,,5.2,3.1,8.3,.165,,2.6,0.8,3.4,3.3
Pau Gasol,2012-13,32,LAL,NBA,PF,49,1655,16.7,.512,.048,.307,7.6,20.1,14.0,19.9,0.7,2.7,13.7,20.5,,2.0,1.7,3.7,.107,,1.1,0.9,2.0,1.7
Pau Gasol,2013-14,33,LAL,NBA,C,60,1884,19.3,.522,.016,.287,7.0,25.9,16.4,18.7,0.7,3.5,12.4,26.4,,1.3,1.7,3.0,.076,,1.0,0.2,1.2,1.5
Pau Gasol,2014-15,34,CHI,NBA,PF,78,2681,22.7,.550,.023,.317,9.2,27.6,18.6,14.4,0.5,4.0,10.7,24.7,,6.0,4.4,10.4,.187,,2.9,0.6,3.5,3.7
Pau Gasol,2015-16,35,CHI,NBA,C,72,2291,21.7,.529,.069,.290,7.3,28.7,18.2,21.7,0.9,4.7,12.8,24.6,,3.2,3.9,7.1,.149,,2.7,2.3,4.9,4.0
Pau Gasol,2016-17,36,SAS,NBA,C,64,1627,20.2,.578,.172,.305,7.6,26.8,17.4,14.7,0.8,3.5,10.6,21.3,,3.3,3.1,6.4,.190,,2.6,1.5,4.0,2.5
Pau Gasol,2017-18,37,SAS,NBA,C,77,1812,18.9,.539,.191,.333,7.8,30.2,19.0,20.1,0.7,3.6,13.1,20.4,,2.7,3.3,6.0,.159,,1.5,1.9,3.4,2.5
Pau Gasol,2018-19,38,TOT,NBA,C,30,360,16.7,.529,.138,.426,6.7,34.2,20.6,19.1,0.7,3.5,12.5,15.6,,0.5,0.5,1.1,.142,,1.0,2.1,3.1,0.5
Amare Stoudemire,2002-03,20,PHO,NBA,PF,82,2570,16.2,.530,.012,.583,10.9,20.9,15.9,5.0,1.3,2.5,15.3,21.5,,2.6,3.6,6.2,.116,,-0.9,-0.4,-1.4,0.4
Amare Stoudemire,2003-04,21,PHO,NBA,PF,55,2025,19.8,.536,.006,.503,8.8,19.2,14.0,7.0,1.6,3.3,14.4,27.5,,2.4,2.0,4.4,.105,,0.8,-0.7,0.1,1.1
Amare Stoudemire,2004-05,22,PHO,NBA,C,80,2889,26.6,.617,.012,.595,8.5,17.4,13.2,7.7,1.3,3.0,10.1,28.3,,11.3,3.3,14.6,.243,,4.1,0.3,4.4,4.7
Amare Stoudemire,2005-06,23,PHO,NBA,C,3,50,17.8,.420,.037,.333,13.6,21.7,17.8,5.9,1.0,4.2,3.1,28.7,,0.0,0.1,0.1,.085,,-2.0,-2.4,-4.4,0.0
Amare Stoudemire,2006-07,24,PHO,NBA,C,82,2689,23.1,.637,.003,.555,10.1,23.3,17.0,5.0,1.5,2.9,15.0,25.8,,7.2,4.0,11.2,.201,,1.5,0.3,1.8,2.6
Amare Stoudemire,2007-08,25,PHO,NBA,C,79,2677,27.6,.656,.026,.571,8.2,21.1,15.2,7.5,1.2,4.0,10.3,28.2,,10.9,3.8,14.6,.262,,4.2,0.6,4.8,4.6
Amare Stoudemire,2008-09,26,PHO,NBA,PF,53,1948,20.3,.617,.009,.517,7.2,18.1,12.9,8.3,1.3,2.1,14.0,24.2,,4.6,1.4,6.1,.149,,1.9,-0.3,1.7,1.8
Amare Stoudemire,2009-10,27,PHO,NBA,PF,82,2838,22.6,.615,.005,.500,9.7,18.9,14.5,4.8,0.9,2.1,12.1,27.3,,8.2,2.5,10.7,.181,,2.1,-1.1,1.0,2.2
Amare Stoudemire,2010-11,28,NYK,NBA,C,78,2870,22.7,.565,.016,.403,7.8,17.6,12.7,13.2,1.2,3.8,12.5,30.9,,5.4,2.6,8.0,.134,,2.0,-0.6,1.4,2.4
Amare Stoudemire,2011-12,29,NYK,NBA,PF,47,1543,17.7,.541,.032,.372,7.9,19.8,13.7,6.3,1.3,2.3,12.8,25.4,,1.8,2.3,4.1,.128,,0.1,-0.4,-0.3,0.7
Amare Stoudemire,2012-13,30,NYK,NBA,PF,29,682,22.1,.637,.000,.487,10.0,15.1,12.4,3.6,0.8,2.7,13.4,25.7,,2.1,0.6,2.7,.191,,1.6,-0.9,0.7,0.5
Amare Stoudemire,2013-14,31,NYK,NBA,C,65,1466,18.8,.596,.000,.364,8.7,17.2,12.8,4.2,0.8,2.2,12.3,23.4,,2.9,0.9,3.8,.124,,0.3,-1.8,-1.6,0.2
Amare Stoudemire,2014-15,32,TOT,NBA,PF,59,1245,20.3,.595,.008,.380,9.9,20.5,15.1,6.8,1.2,2.5,12.0,23.8,,2.6,1.0,3.6,.138,,1.0,-0.9,0.1,0.7
Amare Stoudemire,2015-16,33,MIA,NBA,C,52,762,17.3,.599,.000,.303,10.0,22.6,16.5,5.6,1.2,4.1,15.8,17.8,,1.1,1.3,2.4,.150,,-1.3,0.6,-0.6,0.3
LeBron James,2003-04,19,CLE,NBA,SG,79,3122,18.3,.488,.145,.308,3.5,11.8,7.6,27.8,2.2,1.3,13.9,28.2,,2.4,2.6,5.1,.078,,2.3,-0.6,1.7,2.9
LeBron James,2004-05,20,CLE,NBA,SF,80,3388,25.7,.554,.183,.378,3.8,17.0,10.2,32.9,2.8,1.1,11.8,29.7,,9.7,4.6,14.3,.203,,7.0,1.7,8.6,9.1
LeBron James,2005-06,21,CLE,NBA,SF,79,3361,28.1,.568,.208,.447,2.6,17.1,9.8,32.8,2.0,1.5,10.7,33.6,,12.0,4.3,16.3,.232,,7.5,1.6,9.1,9.4
LeBron James,2006-07,22,CLE,NBA,SF,78,3190,24.5,.552,.191,.432,3.0,16.6,9.6,29.1,2.1,1.3,11.5,31.0,,8.0,5.7,13.7,.206,,5.9,2.2,8.1,8.1
LeBron James,2007-08,23,CLE,NBA,SF,75,3027,29.1,.568,.219,.470,4.9,17.8,11.1,37.3,2.4,2.1,11.4,33.5,,10.7,4.6,15.2,.242,,8.2,2.6,10.9,9.8
LeBron James,2008-09,24,CLE,NBA,SF,81,3054,31.7,.591,.238,.472,4.3,19.0,11.9,38.0,2.4,2.4,11.0,33.8,,13.7,6.5,20.3,.318,,9.5,3.7,13.2,11.8
LeBron James,2009-10,25,CLE,NBA,SF,76,2966,31.1,.604,.253,.506,3.0,18.5,11.1,41.8,2.2,2.0,12.3,33.5,,13.3,5.2,18.5,.299,,9.1,2.8,11.8,10.3
LeBron James,2010-11,26,MIA,NBA,SF,79,3063,27.3,.594,.188,.446,3.3,18.7,11.4,34.9,2.1,1.3,13.8,31.5,,10.3,5.3,15.6,.244,,6.3,1.8,8.1,7.8
LeBron James,2011-12,27,MIA,NBA,SF,62,2326,30.7,.605,.127,.429,5.0,19.7,12.6,33.6,2.6,1.7,13.3,32.0,,10.0,4.5,14.5,.298,,8.2,2.7,10.9,7.6
LeBron James,2012-13,28,MIA,NBA,PF,76,2877,31.6,.640,.188,.395,4.4,20.8,13.1,36.4,2.4,1.9,12.4,30.2,,14.6,4.7,19.3,.322,,9.3,2.4,11.7,9.9
LeBron James,2013-14,29,MIA,NBA,PF,77,2902,29.3,.649,.226,.432,3.6,18.9,11.5,32.0,2.2,0.8,14.4,31.0,,12.3,3.7,15.9,.264,,7.8,1.1,8.8,7.9
LeBron James,2014-15,30,CLE,NBA,SF,69,2493,25.9,.577,.265,.413,2.4,16.6,9.6,38.6,2.3,1.6,15.3,32.3,,7.4,2.9,10.4,.199,,6.1,1.0,7.1,5.7
LeBron James,2015-16,31,CLE,NBA,SF,76,2709,27.5,.588,.199,.347,4.7,18.8,11.8,36.0,2.0,1.5,13.2,31.4,,9.6,4.0,13.6,.242,,7.0,2.0,9.0,7.5
LeBron James,2016-17,32,CLE,NBA,SF,74,2794,27.0,.619,.254,.395,4.0,20.7,12.6,41.3,1.6,1.3,16.1,30.0,,9.8,3.0,12.9,.221,,6.4,1.2,7.6,6.7
LeBron James,2017-18,33,CLE,NBA,PF,82,3026,28.6,.621,.257,.336,3.7,22.3,13.1,44.4,1.9,2.0,16.1,31.6,,11.0,3.0,14.0,.221,,7.3,1.4,8.7,8.2
LeBron James,2018-19,34,LAL,NBA,SF,55,1937,25.6,.588,.299,.382,3.1,21.3,12.4,39.4,1.7,1.4,13.3,31.6,,4.7,2.6,7.2,.179,,6.4,1.7,8.0,4.9
LeBron James,2019-20,35,LAL,NBA,PG,67,2316,25.5,.577,.326,.292,3.2,21.5,12.4,49.1,1.6,1.4,15.1,31.5,,6.2,3.6,9.8,.204,,6.6,1.8,8.4,6.1
LeBron James,2020-21,36,LAL,NBA,PG,45,1504,24.2,.602,.346,.310,2.2,23.6,12.9,41.8,1.6,1.5,15.2,31.9,,3.0,2.6,5.6,.179,,5.9,2.3,8.1,3.8
LeBron James,2021-22,37,LAL,NBA,C,56,2084,26.2,.619,.367,.275,3.3,20.4,11.8,30.6,1.7,2.5,12.5,32.3,,5.2,2.3,7.5,.172,,6.9,0.8,7.7,5.1
LeBron James,2022-23,38,LAL,NBA,PF,55,1954,23.9,.583,.309,.268,3.7,20.8,12.5,33.5,1.2,1.4,11.6,33.3,,3.2,2.4,5.6,.138,,5.5,0.6,6.1,4.0
LeBron James,2023-24,39,LAL,NBA,PF,71,2504,23.7,.630,.286,.318,2.8,19.3,11.5,37.5,1.7,1.3,14.5,29.2,,5.7,2.8,8.5,.164,,5.5,0.9,6.5,5.4
Emeka Okafor,2004-05,22,CHA,NBA,PF,73,2600,16.3,.479,.001,.342,11.5,24.1,17.5,4.3,1.2,3.6,9.8,21.8,,0.9,3.1,4.0,.074,,-0.7,-1.3,-2.0,0.0
Emeka Okafor,2005-06,23,CHA,NBA,PF,26,874,14.9,.464,.000,.396,11.7,23.7,17.3,6.0,1.3,4.4,12.5,21.5,,-0.2,1.1,1.0,.054,,-1.7,-0.4,-2.1,0.0
Emeka Okafor,2006-07,24,CHA,NBA,C,67,2329,20.1,.554,.000,.399,12.7,26.2,19.2,6.0,1.3,5.7,11.3,19.1,,3.5,3.6,7.1,.147,,1.2,0.9,2.1,2.4
Emeka Okafor,2007-08,25,CHA,NBA,C,82,2718,17.4,.553,.000,.435,10.7,26.4,18.5,4.5,1.2,3.9,13.8,20.0,,2.2,3.6,5.8,.103,,-0.7,-0.4,-1.1,0.6
Emeka Okafor,2008-09,26,CHA,NBA,C,82,2691,18.0,.581,.000,.478,12.7,25.2,19.0,3.5,1.0,4.2,13.4,18.9,,3.7,4.6,8.2,.147,,-0.1,0.3,0.2,1.5
Emeka Okafor,2009-10,27,NOH,NBA,C,82,2370,16.5,.547,.000,.418,12.2,24.7,18.4,3.5,1.2,4.1,12.5,17.1,,2.6,2.8,5.5,.111,,-0.9,-0.3,-1.2,0.4
Emeka Okafor,2010-11,28,NOH,NBA,C,72,2287,16.0,.584,.002,.492,12.2,24.3,18.2,3.0,0.9,4.6,15.7,15.8,,2.7,3.8,6.5,.136,,-0.9,0.5,-0.4,0.9
Emeka Okafor,2011-12,29,NOH,NBA,C,27,781,15.1,.539,.000,.346,10.8,21.4,16.2,5.3,1.1,2.8,13.0,17.2,,0.8,0.9,1.7,.103,,-0.3,-0.1,-0.5,0.3
Emeka Okafor,2012-13,30,WAS,NBA,C,79,2052,15.8,.496,.000,.278,10.7,26.8,18.7,7.9,1.1,3.0,12.2,19.5,,0.7,3.7,4.5,.104,,-1.0,0.3,-0.7,0.7
Emeka Okafor,2017-18,35,NOP,NBA,C,26,353,16.4,.545,.000,.232,14.9,21.7,18.4,3.1,1.1,5.6,11.0,14.4,,0.5,0.5,1.0,.140,,-1.1,-0.2,-1.2,0.1
Chris Paul,2005-06,20,NOK,NBA,PG,78,2808,22.1,.546,.187,.491,2.5,14.8,8.5,38.2,3.4,0.2,13.7,22.2,,6.8,3.6,10.4,.178,,3.0,2.2,5.2,5.1
Chris Paul,2006-07,21,NOK,NBA,PG,64,2353,22.0,.537,.164,.410,2.6,11.3,6.9,41.3,2.7,0.1,13.5,23.1,,6.2,2.6,8.8,.179,,3.6,1.4,5.0,4.2
Chris Paul,2007-08,22,NOH,NBA,PG,80,3006,28.3,.576,.193,.302,2.4,10.3,6.2,52.2,3.9,0.1,12.1,25.7,,13.2,4.6,17.8,.284,,7.2,3.2,10.4,9.3
Chris Paul,2008-09,23,NOH,NBA,PG,78,3002,30.0,.599,.140,.418,2.8,14.6,8.7,54.5,3.9,0.3,13.5,27.5,,13.3,5.0,18.3,.292,,7.2,3.8,11.0,9.9
Chris Paul,2009-10,24,NOH,NBA,PG,45,1712,23.7,.584,.199,.298,1.3,11.9,6.5,45.4,2.9,0.4,13.5,22.2,,5.7,1.5,7.3,.204,,4.6,1.6,6.2,3.5
Chris Paul,2010-11,25,NOH,NBA,PG,80,2880,23.7,.578,.197,.414,1.6,12.3,6.9,45.8,3.5,0.1,13.9,21.1,,9.5,4.4,13.9,.232,,4.4,2.8,7.1,6.7
Chris Paul,2011-12,26,LAC,NBA,PG,60,2181,27.0,.581,.239,.339,2.3,9.4,5.8,43.8,3.8,0.2,10.8,24.3,,10.4,2.3,12.7,.278,,6.7,2.4,9.2,6.1
Chris Paul,2012-13,27,LAC,NBA,PG,70,2335,26.4,.594,.271,.377,2.8,10.5,6.7,46.5,3.8,0.4,13.7,22.6,,10.6,3.4,13.9,.287,,6.4,2.4,8.8,6.4
Chris Paul,2013-14,28,LAC,NBA,PG,62,2171,25.9,.580,.244,.397,2.0,11.4,6.9,48.9,3.5,0.1,12.4,23.7,,9.0,3.2,12.2,.270,,6.0,2.6,8.6,5.8
Chris Paul,2014-15,29,LAC,NBA,PG,82,2857,26.0,.596,.298,.274,2.1,12.5,7.4,47.4,2.8,0.4,12.7,23.7,,12.9,3.2,16.1,.270,,6.4,1.6,8.0,7.2
Chris Paul,2015-16,30,LAC,NBA,PG,74,2420,26.2,.575,.295,.294,1.8,12.0,7.0,52.7,3.1,0.4,13.4,27.1,,9.2,3.5,12.7,.253,,5.9,2.0,7.9,6.0
Chris Paul,2016-17,31,LAC,NBA,PG,61,1921,26.2,.614,.385,.331,2.4,15.0,8.8,46.8,3.1,0.3,14.0,24.4,,7.9,2.6,10.6,.264,,6.3,2.5,8.7,5.2
Chris Paul,2017-18,32,HOU,NBA,PG,58,1847,24.4,.604,.475,.277,2.3,16.7,9.5,40.9,2.6,0.6,12.5,24.5,,7.5,2.7,10.2,.265,,5.2,1.8,7.1,4.2
Chris Paul,2018-19,33,HOU,NBA,PG,58,1857,19.7,.560,.493,.282,2.1,13.9,7.9,39.3,3.0,0.8,15.8,22.5,,4.4,2.2,6.6,.172,,2.7,1.1,3.9,2.8
Chris Paul,2019-20,34,OKC,NBA,PG,70,2208,21.7,.610,.343,.315,1.3,15.7,8.7,34.0,2.4,0.4,13.8,23.3,,5.9,3.0,8.9,.193,,3.0,1.4,4.4,3.5
Chris Paul,2020-21,35,PHO,NBA,PG,70,2199,21.4,.599,.294,.206,1.3,14.5,8.0,40.9,2.2,0.8,14.0,22.6,,6.5,2.7,9.2,.201,,3.5,1.1,4.6,3.6
Chris Paul,2021-22,36,PHO,NBA,PG,65,2139,20.8,.581,.270,.274,1.1,12.8,7.1,44.5,2.7,0.8,15.6,19.7,,5.8,3.6,9.4,.210,,3.1,2.3,5.4,4.0
Chris Paul,2022-23,37,PHO,NBA,PG,59,1889,17.7,.555,.391,.240,1.6,13.4,7.4,38.7,2.4,1.0,13.4,19.2,,3.7,2.5,6.2,.156,,2.0,1.2,3.2,2.5
Chris Paul,2023-24,38,GSW,NBA,PG,58,1531,14.7,.544,.450,.111,1.3,14.4,7.9,33.4,2.2,0.4,13.4,15.6,,2.6,1.7,4.3,.136,,-0.2,1.2,1.0,1.2
Brandon Roy,2006-07,22,POR,NBA,SG,57,2015,18.0,.548,.191,.315,3.5,12.1,7.7,20.9,1.8,0.4,11.8,23.0,,3.8,1.0,4.8,.114,,2.3,-0.3,2.0,2.0
Brandon Roy,2007-08,23,POR,NBA,SG,74,2792,19.4,.531,.184,.319,3.4,11.2,7.3,28.2,1.5,0.4,9.3,24.9,,5.9,2.1,8.0,.138,,3.2,0.1,3.3,3.6
Brandon Roy,2008-09,24,POR,NBA,SG,78,2903,24.0,.573,.167,.383,4.4,11.6,7.9,25.4,1.7,0.6,9.0,27.4,,10.9,2.6,13.5,.223,,6.0,0.1,6.2,6.0
Brandon Roy,2009-10,25,POR,NBA,SG,65,2419,21.3,.568,.213,.424,3.7,10.9,7.3,23.1,1.4,0.5,9.5,26.7,,7.0,2.1,9.1,.180,,4.7,0.0,4.7,4.1
Brandon Roy,2010-11,26,POR,NBA,SG,47,1310,13.9,.491,.218,.264,2.5,9.1,5.6,16.8,1.5,0.8,8.6,22.8,,1.2,0.9,2.1,.077,,0.2,-0.4,-0.2,0.6
Brandon Roy,2012-13,28,MIN,NBA,SG,5,122,8.3,.368,.257,.286,2.7,10.6,6.6,28.8,1.3,0.0,15.1,17.0,,-0.1,0.1,0.0,-0.017,,-3.5,-0.8,-4.2,-0.1
Kevin Durant,2007-08,19,SEA,NBA,SG,80,2768,15.8,.519,.150,.328,2.8,10.9,6.9,12.0,1.4,1.9,12.9,28.1,,0.4,1.9,2.3,.040,,0.5,-0.7,-0.1,1.3
Kevin Durant,2008-09,20,OKC,NBA,SF,74,2885,20.8,.577,.165,.377,3.0,16.4,9.6,13.5,1.7,1.4,12.2,28.3,,5.2,2.7,7.9,.132,,3.4,-0.1,3.3,3.8
Kevin Durant,2009-10,21,OKC,NBA,SF,82,3239,26.2,.607,.210,.504,3.8,17.9,11.0,13.5,1.8,1.9,11.7,32.0,,11.1,5.0,16.1,.238,,6.3,0.8,7.1,7.5
Kevin Durant,2010-11,22,OKC,NBA,SF,78,3038,23.6,.589,.269,.439,2.3,17.7,10.3,13.2,1.5,1.8,10.6,30.6,,8.6,3.3,12.0,.189,,5.2,-0.3,4.9,5.3
Kevin Durant,2011-12,23,OKC,NBA,SF,66,2546,26.2,.610,.265,.386,1.9,20.4,11.8,17.5,1.8,2.2,14.0,31.3,,8.5,3.7,12.2,.230,,6.2,0.8,7.0,5.8
Kevin Durant,2012-13,24,OKC,NBA,SF,81,3119,28.3,.647,.233,.523,1.8,20.3,11.8,21.7,1.9,2.6,13.7,29.8,,13.6,5.3,18.9,.291,,7.6,1.7,9.3,8.9
Kevin Durant,2013-14,25,OKC,NBA,SF,81,3122,29.8,.635,.291,.477,2.2,18.6,10.8,26.7,1.7,1.5,12.2,33.0,,14.8,4.4,19.2,.295,,8.8,1.4,10.2,9.6
Kevin Durant,2014-15,26,OKC,NBA,SF,27,913,27.6,.633,.340,.366,1.9,18.7,10.4,22.2,1.3,2.2,12.0,29.1,,3.8,1.0,4.8,.252,,8.6,1.4,10.0,2.8
Kevin Durant,2015-16,27,OKC,NBA,SF,72,2578,28.2,.634,.348,.361,2.0,21.8,12.4,24.2,1.3,2.5,13.5,30.6,,11.0,3.5,14.5,.270,,8.4,1.6,9.9,7.8
Kevin Durant,2016-17,28,GSW,NBA,PF,62,2070,27.6,.651,.304,.374,2.2,23.6,13.6,23.1,1.5,3.8,10.4,27.8,,8.0,4.0,12.0,.278,,6.7,2.2,8.9,5.7
Kevin Durant,2017-18,29,GSW,NBA,SF,68,2325,26.0,.640,.338,.331,1.6,19.5,11.2,25.5,1.0,4.0,12.9,30.4,,7.5,2.9,10.4,.215,,6.7,0.6,7.3,5.5
Kevin Durant,2018-19,30,GSW,NBA,SF,78,2702,24.2,.631,.281,.366,1.4,17.5,9.8,26.2,1.0,2.6,12.3,29.0,,8.6,2.9,11.5,.204,,5.4,0.1,5.5,5.1
Kevin Durant,2020-21,32,BRK,NBA,PF,35,1157,26.4,.666,.313,.395,1.3,21.3,11.8,27.5,1.0,3.4,14.5,31.2,,3.7,1.2,5.0,.206,,6.4,0.8,7.2,2.7
Kevin Durant,2021-22,33,BRK,NBA,PF,55,2047,25.6,.634,.269,.367,1.6,19.6,10.8,29.1,1.1,2.3,12.9,31.2,,6.4,2.0,8.4,.198,,6.4,0.7,7.2,4.8
Kevin Durant,2022-23,34,TOT,NBA,PF,47,1672,25.9,.677,.267,.387,1.2,19.5,10.5,24.5,1.0,3.4,13.4,30.7,,4.7,2.1,6.8,.194,,6.0,1.2,7.1,3.9
Kevin Durant,2023-24,35,PHO,NBA,PF,75,2791,21.2,.626,.283,.295,1.7,17.5,10.0,22.2,1.2,2.9,13.1,29.0,,5.1,3.2,8.3,.142,,4.0,0.1,4.0,4.3
Derrick Rose,2008-09,20,CHI,NBA,PG,81,3000,16.0,.516,.060,.207,3.7,8.4,6.1,28.8,1.1,0.4,13.3,22.6,,3.4,1.5,4.9,.078,,1.1,-1.5,-0.4,1.2
Derrick Rose,2009-10,21,CHI,NBA,PG,78,2871,18.6,.532,.044,.246,2.6,8.7,5.7,30.3,1.0,0.7,12.5,27.2,,3.5,2.5,6.0,.100,,2.6,-0.9,1.7,2.7
Derrick Rose,2010-11,22,CHI,NBA,PG,81,3026,23.5,.550,.241,.348,3.2,9.4,6.4,38.7,1.5,1.3,13.1,32.2,,8.3,4.8,13.1,.208,,6.3,0.5,6.8,6.7
Derrick Rose,2011-12,23,CHI,NBA,PG,39,1375,23.0,.532,.249,.344,2.1,8.4,5.3,40.3,1.4,1.4,12.9,30.5,,4.1,2.0,6.0,.211,,6.1,0.3,6.4,2.9
Derrick Rose,2013-14,25,CHI,NBA,PG,10,311,9.7,.446,.287,.195,3.3,8.3,5.9,26.2,0.9,0.2,16.0,31.5,,-0.6,0.4,-0.2,-0.036,,-1.2,-1.9,-3.1,-0.1
Derrick Rose,2014-15,26,CHI,NBA,PG,51,1530,15.9,.493,.325,.224,2.6,8.7,5.7,30.7,1.2,0.8,14.9,31.7,,0.0,1.2,1.2,.038,,1.6,-2.2,-0.6,0.6
Derrick Rose,2015-16,27,CHI,NBA,PG,66,2097,13.5,.479,.143,.171,2.4,8.8,5.6,25.5,1.1,0.5,13.4,27.3,,-0.8,1.2,0.4,.009,,-0.6,-1.9,-2.5,-0.3
Derrick Rose,2016-17,28,NYK,NBA,PG,64,2082,17.0,.530,.061,.259,3.4,9.3,6.4,22.8,1.1,0.7,11.9,25.7,,2.4,0.6,3.0,.068,,1.0,-2.0,-1.0,0.5
Derrick Rose,2017-18,29,TOT,NBA,PG,25,420,11.5,.507,.161,.247,3.5,5.8,4.7,13.6,0.8,0.8,14.5,25.4,,-0.2,0.1,-0.2,-0.018,,-2.1,-3.3,-5.4,-0.4
Derrick Rose,2018-19,30,MIN,NBA,PG,51,1392,19.5,.557,.194,.212,2.5,8.3,5.4,26.4,1.1,0.7,9.1,27.3,,2.6,0.3,3.0,.102,,3.2,-1.7,1.4,1.2
Derrick Rose,2019-20,31,DET,NBA,PG,50,1298,21.0,.555,.195,.185,2.3,8.3,5.3,40.5,1.5,1.0,13.4,31.6,,1.8,0.7,2.5,.092,,3.9,-1.7,2.2,1.4
Derrick Rose,2020-21,32,TOT,NBA,PG,50,1279,18.3,.550,.211,.208,1.7,9.3,5.5,28.0,1.9,1.4,10.5,25.8,,1.6,1.6,3.1,.118,,1.6,0.3,1.9,1.3
Derrick Rose,2021-22,33,NYK,NBA,PG,26,636,16.9,.541,.336,.113,3.5,9.8,6.6,27.5,1.7,1.9,11.9,22.5,,0.8,0.7,1.4,.108,,2.3,0.0,2.3,0.7
Derrick Rose,2022-23,34,NYK,NBA,PG,27,338,10.1,.463,.396,.075,2.6,10.4,6.5,19.9,1.0,1.4,11.8,23.6,,-0.3,0.3,0.0,-0.001,,-2.2,-1.5,-3.7,-0.1
Derrick Rose,2023-24,35,MEM,NBA,PG,24,399,13.1,.540,.248,.164,1.8,10.9,6.2,32.3,1.0,0.5,14.9,22.3,,0.1,0.3,0.4,.046,,-1.3,-1.5,-2.8,-0.1
Tyreke Evans,2009-10,20,SAC,NBA,SG,72,2677,18.2,.529,.121,.399,2.8,13.6,8.1,26.1,2.1,0.7,13.6,26.2,,3.3,2.1,5.4,.097,,1.3,0.0,1.3,2.2
Tyreke Evans,2010-11,21,SAC,NBA,SG,57,2107,14.4,.482,.159,.285,2.4,12.7,7.4,24.9,2.0,1.0,14.9,25.3,,-0.1,1.7,1.6,.036,,-0.1,0.2,0.0,1.1
Tyreke Evans,2011-12,22,SAC,NBA,SG,63,2162,16.4,.512,.110,.287,3.1,12.0,7.3,22.1,2.0,1.0,14.4,23.8,,2.0,0.6,2.7,.059,,0.3,-0.9,-0.6,0.8
Tyreke Evans,2012-13,23,SAC,NBA,SG,65,2016,18.1,.558,.174,.354,3.1,13.5,8.2,19.0,2.3,1.0,12.6,22.3,,3.6,0.8,4.4,.105,,2.0,-0.2,1.8,1.9
Tyreke Evans,2013-14,24,NOP,NBA,SF,72,2028,18.4,.504,.106,.346,4.3,15.4,9.8,30.4,2.2,0.9,14.5,27.1,,1.8,1.3,3.1,.073,,1.3,-0.7,0.6,1.3
Tyreke Evans,2014-15,25,NOP,NBA,SG,79,2690,17.7,.508,.195,.250,3.5,14.1,8.8,32.7,2.0,1.0,16.0,26.1,,2.4,2.2,4.6,.082,,1.4,-0.2,1.2,2.2
Tyreke Evans,2015-16,26,NOP,NBA,SG,25,765,17.9,.534,.271,.296,2.8,16.4,9.3,34.6,2.1,0.9,17.1,24.7,,0.8,0.6,1.4,.087,,1.8,-0.1,1.7,0.7
Tyreke Evans,2016-17,27,TOT,NBA,SF,40,788,15.5,.501,.319,.249,1.8,17.2,9.5,25.9,2.2,1.0,12.9,26.7,,-0.2,0.9,0.7,.045,,-0.1,0.5,0.4,0.5
Tyreke Evans,2017-18,28,MEM,NBA,PG,52,1607,21.1,.561,.354,.258,3.1,16.3,9.5,31.2,1.8,1.0,11.5,28.4,,3.1,1.2,4.2,.126,,4.9,-0.5,4.5,2.6
Tyreke Evans,2018-19,29,IND,NBA,SG,69,1402,11.5,.483,.327,.242,2.7,13.0,7.9,17.5,2.0,1.1,13.9,26.4,,-1.7,2.0,0.3,.010,,-2.4,-0.3,-2.7,-0.2
Blake Griffin,2010-11,21,LAC,NBA,PF,82,3112,21.9,.549,.017,.505,10.2,26.9,18.6,18.7,1.0,1.1,11.7,27.3,,6.5,3.4,9.8,.152,,3.0,-0.3,2.6,3.6
Blake Griffin,2011-12,22,LAC,NBA,PF,66,2392,23.4,.557,.016,.458,10.7,25.1,17.8,16.6,1.2,1.7,10.9,26.6,,6.6,2.6,9.2,.185,,3.9,-0.2,3.7,3.4
Blake Griffin,2012-13,23,LAC,NBA,PF,80,2598,22.4,.572,.026,.397,8.7,21.5,15.2,19.9,2.0,1.6,12.8,25.4,,6.8,3.9,10.6,.196,,3.2,0.8,4.1,4.0
Blake Griffin,2013-14,24,LAC,NBA,PF,80,2863,23.9,.583,.032,.496,7.7,21.2,14.7,19.2,1.6,1.4,11.9,29.0,,8.1,4.1,12.2,.205,,3.8,0.7,4.5,4.7
Blake Griffin,2014-15,25,LAC,NBA,PF,67,2356,22.8,.551,.022,.373,6.1,17.9,12.1,26.2,1.4,1.2,10.2,28.4,,6.6,2.4,9.0,.183,,3.8,0.2,4.0,3.6
Blake Griffin,2015-16,26,LAC,NBA,PF,35,1170,22.1,.544,.030,.322,4.8,22.3,13.7,27.2,1.2,1.1,10.8,29.8,,2.2,1.6,3.8,.156,,3.4,1.1,4.5,1.9
Blake Griffin,2016-17,27,LAC,NBA,PF,61,2076,22.6,.569,.116,.434,6.2,20.2,13.4,24.5,1.4,0.9,10.9,28.0,,5.4,2.4,7.7,.179,,4.2,0.5,4.7,3.5
Blake Griffin,2017-18,28,TOT,NBA,PF,58,1970,19.6,.544,.323,.331,4.1,19.8,12.0,28.1,1.0,0.8,12.6,28.9,,3.2,1.8,4.9,.120,,3.6,-0.2,3.4,2.7
Blake Griffin,2018-19,29,DET,NBA,PF,75,2622,21.0,.581,.389,.410,4.0,20.1,11.8,27.1,1.0,0.9,13.8,30.2,,5.1,2.9,8.0,.147,,4.9,0.2,5.1,4.7
Blake Griffin,2019-20,30,DET,NBA,PF,18,512,11.9,.476,.444,.392,3.7,15.0,9.3,18.0,0.7,1.1,12.0,28.4,,-0.4,0.3,-0.1,-0.012,,-1.7,-2.6,-4.3,-0.3
Blake Griffin,2020-21,31,TOT,NBA,PF,46,1186,12.9,.546,.499,.285,3.4,17.4,10.5,17.0,1.3,1.1,11.8,19.3,,0.9,1.1,2.0,.081,,-0.8,0.0,-0.8,0.3
Blake Griffin,2021-22,32,BRK,NBA,C,56,958,13.7,.518,.463,.243,7.0,18.6,13.0,15.0,1.4,1.3,8.2,16.9,,1.2,0.9,2.1,.106,,-0.6,0.1,-0.5,0.3
Blake Griffin,2022-23,33,BOS,NBA,C,41,569,13.1,.590,.508,.246,9.2,20.4,14.9,14.2,1.2,1.4,13.2,12.7,,1.0,0.8,1.8,.153,,-1.4,1.5,0.1,0.3
Kyrie Irving,2011-12,19,CLE,NBA,PG,51,1558,21.4,.566,.245,.262,3.1,11.2,7.0,36.5,1.8,1.0,16.1,28.7,,3.4,0.6,4.1,.125,,4.6,-0.5,4.1,2.4
Kyrie Irving,2012-13,20,CLE,NBA,PG,59,2048,21.4,.553,.261,.271,1.8,10.8,6.1,32.7,2.3,0.8,13.8,30.2,,4.2,1.1,5.3,.125,,4.3,-0.7,3.7,3.0
Kyrie Irving,2013-14,21,CLE,NBA,PG,71,2496,20.1,.533,.278,.273,2.3,9.5,5.8,31.6,2.2,0.8,12.1,28.2,,4.6,2.1,6.7,.128,,3.6,-0.2,3.4,3.3
Kyrie Irving,2014-15,22,CLE,NBA,PG,75,2730,21.5,.583,.306,.296,2.3,7.5,5.0,25.0,2.2,0.6,11.8,26.2,,8.4,2.0,10.4,.183,,4.4,-0.4,4.1,4.2
Kyrie Irving,2015-16,23,CLE,NBA,PG,53,1667,19.9,.540,.298,.217,3.0,7.6,5.3,26.6,1.7,0.9,11.4,29.5,,3.2,1.7,5.0,.143,,3.2,-0.8,2.3,1.8
Kyrie Irving,2016-17,24,CLE,NBA,PG,72,2525,23.0,.580,.311,.231,2.3,7.5,5.0,29.7,1.6,0.8,10.3,30.8,,7.4,1.5,8.9,.170,,4.7,-1.3,3.4,3.4
Kyrie Irving,2017-18,25,BOS,NBA,PG,60,1931,25.0,.610,.374,.240,1.9,10.8,6.4,30.7,1.7,0.7,10.4,31.0,,6.3,2.7,8.9,.222,,6.4,0.9,7.3,4.5
Kyrie Irving,2018-19,26,BOS,NBA,PG,67,2214,24.4,.592,.350,.197,3.4,12.7,8.1,35.0,2.3,1.4,11.3,29.7,,6.2,2.8,9.0,.195,,6.0,1.1,7.2,5.1
Kyrie Irving,2019-20,27,BRK,NBA,PG,20,658,26.2,.595,.341,.245,3.5,12.5,8.1,36.7,1.9,1.3,10.1,32.6,,2.1,0.8,2.9,.210,,6.7,0.9,7.7,1.6
Kyrie Irving,2020-21,28,BRK,NBA,PG,54,1886,24.4,.614,.348,.201,3.2,11.4,7.5,28.6,1.9,1.7,9.9,30.4,,5.8,1.6,7.4,.189,,5.7,-0.2,5.5,3.6
Kyrie Irving,2021-22,29,BRK,NBA,PG,29,1091,21.4,.592,.388,.209,1.6,10.8,6.3,25.2,1.8,1.4,9.8,29.4,,2.4,0.9,3.3,.147,,4.2,-1.2,3.0,1.4
Kyrie Irving,2022-23,30,TOT,NBA,PGSG,60,2241,22.4,.613,.412,.227,3.0,12.3,7.7,25.4,1.4,1.7,8.8,28.9,,5.4,2.0,7.4,.159,,4.8,-0.7,4.1,3.5
Kyrie Irving,2023-24,31,DAL,NBA,SG,58,2030,21.9,.608,.372,.186,2.4,13.2,7.8,23.8,1.7,1.2,8.0,28.1,,4.9,2.0,6.9,.163,,4.8,0.1,4.9,3.6
Damian Lillard,2012-13,22,POR,NBA,PG,82,3167,16.4,.546,.391,.249,1.5,8.0,4.7,28.8,1.2,0.5,14.5,24.2,,5.1,0.7,5.8,.088,,2.1,-1.9,0.3,1.8
Damian Lillard,2013-14,23,POR,NBA,PG,82,2937,18.6,.568,.425,.327,1.3,9.2,5.3,25.1,1.1,0.5,11.5,25.0,,7.8,1.8,9.6,.157,,3.8,-0.6,3.2,3.9
Damian Lillard,2014-15,24,POR,NBA,PG,82,2925,20.7,.560,.421,.293,1.8,11.8,6.9,29.0,1.7,0.5,12.6,26.9,,7.3,3.3,10.6,.174,,4.3,0.3,4.7,4.9
Damian Lillard,2015-16,25,POR,NBA,PG,75,2676,22.2,.560,.414,.315,1.8,10.4,6.1,33.6,1.2,0.8,12.6,31.3,,7.7,1.4,9.2,.165,,5.7,-1.3,4.4,4.3
Damian Lillard,2016-17,26,POR,NBA,PG,75,2694,24.1,.586,.389,.366,1.9,13.3,7.6,28.7,1.3,0.6,10.2,31.5,,8.8,1.5,10.4,.185,,6.1,-1.1,5.0,4.8
Damian Lillard,2017-18,27,POR,NBA,PG,73,2670,25.2,.594,.445,.380,2.6,10.6,6.6,30.9,1.4,0.8,11.1,30.6,,9.9,2.7,12.6,.227,,7.0,0.3,7.2,6.3
Damian Lillard,2018-19,28,POR,NBA,PG,80,2838,23.7,.588,.419,.335,2.6,11.1,7.0,30.6,1.5,1.0,10.8,29.3,,9.7,2.4,12.1,.205,,6.6,-0.3,6.4,6.0
Damian Lillard,2019-20,29,POR,NBA,PG,66,2474,26.9,.627,.500,.384,1.4,10.5,6.0,34.4,1.3,0.8,11.0,30.3,,10.9,0.7,11.6,.225,,8.3,-0.9,7.5,5.9
Damian Lillard,2020-21,30,POR,NBA,PG,67,2398,25.6,.623,.528,.363,1.4,11.5,6.3,34.6,1.3,0.6,11.6,31.4,,9.6,0.8,10.4,.209,,7.5,-1.3,6.3,5.0
Damian Lillard,2021-22,31,POR,NBA,PG,29,1056,18.5,.550,.514,.328,1.3,11.6,6.2,34.0,0.8,1.0,11.6,29.3,,1.7,0.1,1.7,.079,,4.0,-2.7,1.3,0.9
Damian Lillard,2022-23,32,POR,NBA,PG,58,2107,26.7,.645,.547,.464,2.4,12.8,7.6,35.0,1.2,0.8,11.7,33.8,,8.2,0.8,9.0,.205,,8.3,-1.2,7.1,4.9
Damian Lillard,2023-24,33,MIL,NBA,PG,73,2579,19.6,.590,.487,.403,1.6,11.8,6.8,28.8,1.3,0.6,11.4,28.4,,5.8,1.9,7.7,.143,,3.4,-1.3,2.1,2.7
Michael Carter-Williams,2013-14,22,PHI,NBA,PG,70,2414,15.5,.480,.197,.348,4.3,15.6,9.8,30.2,2.6,1.4,16.9,25.7,,-0.8,2.1,1.3,.026,,-0.2,-0.2,-0.5,0.9
Michael Carter-Williams,2014-15,23,TOT,NBA,PG,66,2149,14.1,.461,.166,.317,3.2,15.3,9.0,37.3,2.6,1.1,19.5,26.7,,-2.1,2.9,0.8,.017,,-1.3,0.3,-1.1,0.5
Michael Carter-Williams,2015-16,24,MIL,NBA,PG,54,1649,13.9,.497,.099,.292,3.4,15.7,9.6,26.6,2.5,2.1,19.6,21.3,,-0.4,1.6,1.2,.035,,-1.4,0.6,-0.7,0.5
Michael Carter-Williams,2016-17,25,CHI,NBA,PG,45,846,9.9,.437,.209,.252,3.0,16.6,9.8,20.0,2.3,2.2,16.3,20.9,,-1.0,1.3,0.2,.013,,-4.5,1.3,-3.2,-0.3
Michael Carter-Williams,2017-18,26,CHO,NBA,PG,52,835,10.8,.446,.258,.389,4.7,13.3,8.9,19.4,2.6,2.3,16.2,16.6,,-0.2,1.1,0.9,.050,,-3.3,1.8,-1.5,0.1
Michael Carter-Williams,2018-19,27,TOT,NBA,PG,28,372,14.7,.458,.309,.431,5.4,15.0,10.1,26.5,2.6,3.4,12.0,19.4,,0.2,0.6,0.8,.099,,-1.4,2.2,0.8,0.3
Michael Carter-Williams,2019-20,28,ORL,NBA,SG,45,833,15.3,.535,.288,.365,5.8,13.5,9.5,19.1,2.9,2.4,14.7,18.3,,0.7,1.2,1.9,.111,,-1.5,1.6,0.1,0.5
Michael Carter-Williams,2020-21,29,ORL,NBA,SG,31,800,9.5,.449,.226,.296,4.9,13.4,9.0,24.3,1.5,1.9,18.4,20.2,,-1.1,0.6,-0.5,-0.028,,-4.6,-0.2,-4.8,-0.6
Michael Carter-Williams,2022-23,31,ORL,NBA,PG,4,44,9.0,.498,.214,.500,2.6,10.3,6.4,22.6,1.1,2.2,19.0,20.6,,0.0,0.0,0.0,-0.003,,-5.1,-1.2,-6.3,0.0
Andrew Wiggins,2014-15,19,MIN,NBA,SF,82,2969,13.9,.517,.111,.410,5.0,9.5,7.2,9.8,1.5,1.3,11.7,22.6,,2.1,0.0,2.1,.034,,-0.4,-2.0,-2.4,-0.3
Andrew Wiggins,2015-16,20,MIN,NBA,SF,81,2845,16.5,.543,.147,.437,4.3,7.5,5.9,10.1,1.4,1.3,10.6,27.2,,3.4,0.7,4.1,.069,,0.9,-2.2,-1.3,0.5
Andrew Wiggins,2016-17,21,MIN,NBA,SF,82,3048,16.5,.534,.184,.345,3.8,8.8,6.3,10.6,1.4,0.8,9.4,29.0,,3.3,0.9,4.2,.066,,0.7,-2.4,-1.7,0.2
Andrew Wiggins,2017-18,22,MIN,NBA,SF,82,2979,13.0,.505,.260,.242,3.1,10.8,6.9,8.2,1.5,1.5,8.8,23.4,,0.5,1.6,2.1,.034,,-0.8,-1.7,-2.4,-0.3
Andrew Wiggins,2018-19,23,MIN,NBA,SF,73,2543,12.4,.493,.288,.245,3.5,11.4,7.4,10.9,1.3,1.6,9.3,24.4,,-0.6,1.3,0.6,.012,,-1.2,-1.8,-3.0,-0.6
Andrew Wiggins,2019-20,24,TOT,NBA,SF,54,1858,16.4,.536,.342,.274,3.6,12.3,7.8,18.1,1.1,2.4,10.7,27.4,,0.8,1.1,1.9,.050,,1.1,-1.4,-0.3,0.8
Andrew Wiggins,2020-21,25,GSW,NBA,PF,71,2364,15.0,.568,.348,.225,3.7,11.8,7.8,10.9,1.3,2.6,9.8,23.3,,1.2,2.7,3.9,.080,,0.0,-0.4,-0.4,1.0
Andrew Wiggins,2021-22,26,GSW,NBA,SF,73,2330,15.0,.560,.392,.231,4.1,10.9,7.6,10.8,1.6,2.1,9.0,23.1,,1.8,3.4,5.1,.105,,0.3,0.1,0.4,1.4
Andrew Wiggins,2022-23,27,GSW,NBA,SF,37,1190,14.7,.564,.425,.136,5.7,11.3,8.6,10.5,1.8,2.1,7.9,21.5,,1.0,1.3,2.3,.091,,-0.1,-0.4,-0.5,0.5
Andrew Wiggins,2023-24,28,GSW,NBA,SF,71,1920,12.7,.544,.326,.242,6.2,11.8,9.0,8.6,1.1,1.9,9.2,20.9,,1.2,1.6,2.8,.070,,-1.4,-1.2,-2.5,-0.3
Karl-Anthony Towns,2015-16,20,MIN,NBA,C,82,2627,22.5,.590,.076,.239,10.3,27.5,19.0,11.3,1.1,4.3,12.6,24.9,,5.5,2.8,8.3,.151,,2.5,-0.4,2.2,2.7
Karl-Anthony Towns,2016-17,21,MIN,NBA,C,82,3030,25.9,.618,.186,.289,11.2,27.8,19.4,13.2,0.9,2.9,11.3,27.5,,9.9,2.8,12.7,.201,,5.5,-0.7,4.7,5.2
Karl-Anthony Towns,2017-18,22,MIN,NBA,C,82,2918,24.9,.646,.243,.343,9.3,30.9,20.0,10.8,1.1,3.5,10.5,22.9,,10.6,3.4,14.0,.230,,4.9,0.2,5.1,5.2
Karl-Anthony Towns,2018-19,23,MIN,NBA,C,77,2545,26.3,.622,.270,.342,10.9,29.3,20.0,17.2,1.3,4.2,13.7,28.9,,7.2,3.2,10.4,.197,,5.4,0.6,6.0,5.1
Karl-Anthony Towns,2019-20,24,MIN,NBA,C,35,1187,26.5,.642,.445,.363,8.1,26.1,16.8,22.8,1.3,2.9,13.2,28.8,,3.7,1.3,5.1,.204,,7.0,0.8,7.8,2.9
Karl-Anthony Towns,2020-21,25,MIN,NBA,C,50,1689,23.1,.612,.360,.355,8.2,26.4,17.0,22.6,1.1,2.9,13.7,29.1,,3.8,1.6,5.4,.153,,4.3,0.2,4.5,2.8
Karl-Anthony Towns,2021-22,26,MIN,NBA,C,74,2476,24.1,.640,.301,.385,8.2,23.6,15.7,18.0,1.4,3.2,13.7,27.8,,7.1,3.2,10.3,.199,,4.5,0.5,5.0,4.4
Karl-Anthony Towns,2022-23,27,MIN,NBA,PF,29,957,18.8,.618,.383,.315,5.7,21.6,13.8,22.0,1.0,1.5,15.0,25.6,,1.5,1.1,2.7,.133,,2.1,0.9,3.0,1.2
Karl-Anthony Towns,2023-24,28,MIN,NBA,PF,62,2026,18.8,.625,.344,.307,5.5,22.6,14.4,15.1,1.0,1.8,14.1,27.4,,2.6,3.6,6.3,.148,,1.6,0.9,2.5,2.3
Malcolm Brogdon,2016-17,24,MIL,NBA,SG,75,1982,14.9,.555,.304,.198,2.8,9.6,6.3,24.3,2.2,0.5,14.1,18.5,,2.6,1.5,4.1,.100,,0.0,-0.4,-0.4,0.8
Malcolm Brogdon,2017-18,25,MIL,NBA,PG,48,1436,14.3,.578,.320,.169,1.9,10.8,6.4,16.3,1.4,0.8,10.9,19.1,,2.0,0.7,2.7,.091,,-0.1,-1.0,-1.2,0.3
Malcolm Brogdon,2018-19,26,MIL,NBA,SG,64,1832,17.8,.614,.326,.203,3.8,11.7,8.0,16.2,1.2,0.6,10.0,20.7,,4.2,2.3,6.5,.171,,2.0,0.1,2.2,1.9
Malcolm Brogdon,2019-20,27,IND,NBA,PG,54,1666,17.7,.541,.309,.250,3.1,14.1,8.6,33.8,1.0,0.5,13.7,25.2,,2.3,1.7,4.0,.114,,2.3,-0.5,1.8,1.6
Malcolm Brogdon,2020-21,28,IND,NBA,PG,56,1930,17.9,.561,.382,.181,3.3,13.2,8.3,25.7,1.2,0.6,9.8,25.9,,2.9,1.3,4.2,.105,,3.0,-0.9,2.1,2.0
Malcolm Brogdon,2021-22,29,IND,NBA,PG,36,1206,18.0,.557,.343,.308,3.0,14.3,8.6,26.9,1.2,1.0,11.1,24.6,,2.2,0.4,2.7,.106,,2.8,-0.5,2.3,1.3
Malcolm Brogdon,2022-23,30,BOS,NBA,PG,67,1744,18.2,.615,.406,.251,2.7,14.7,8.8,21.5,1.3,0.9,10.8,22.8,,3.6,2.2,5.8,.161,,2.3,0.6,2.8,2.1
Malcolm Brogdon,2023-24,31,POR,NBA,PG,39,1121,17.0,.560,.401,.234,2.6,12.8,7.4,30.9,1.2,0.6,9.9,23.0,,2.0,0.6,2.6,.111,,2.7,-0.7,2.0,1.1
Ben Simmons,2017-18,21,PHI,NBA,PG,81,2732,,.545,.551,.000,.545,.560,.557,.342,.011,,.460,.510,.362,.521,.767,.556,.252,.337,,118,108,0,105,73,100,136,3,,47.7,2.0
Ben Simmons,2018-19,22,PHI,NBA,PG,79,2700,,.563,.566,.000,.563,.600,.582,.446,.006,,.461,.520,.355,.524,.766,.560,.259,.359,,122,109,0,107,78,104,172,2,,73.5,51.8
Ben Simmons,2019-20,23,PHI,NBA,PG,57,2017,,.580,.583,.286,.581,.621,.602,.461,.011,,.460,.524,.358,.529,.773,.565,.260,.384,,126,111,80,110,80,107,177,3,,67.7,58.2
Ben Simmons,2020-21,24,PHI,NBA,PG,58,1877,,.557,.562,.300,.560,.613,.584,.492,.017,,.466,.530,.367,.538,.778,.572,.247,.392,,120,106,82,104,79,102,199,4,,25.8,17.9
Ben Simmons,2022-23,26,BRK,NBA,PG,42,1105,,.566,.571,.000,.566,.439,.559,.243,.009,,.475,.548,.361,.545,.782,.581,.266,.387,,119,104,0,104,56,96,91,2,,9.7,-11.3
Ben Simmons,2023-24,27,BRK,NBA,PG,15,359,,.581,.581,,.581,.400,.571,.203,.000,,.474,.545,.366,.547,.784,.580,.244,.395,,123,107,,106,51,98,83,0,,5.1,-1.5
Luka Doncic,2018-19,19,DAL,NBA,SG,72,2318,19.6,.545,.433,.409,4.0,21.9,13.0,31.6,1.6,0.9,15.0,30.5,,2.1,2.8,4.9,.101,,3.6,0.3,3.9,3.4
Luka Doncic,2019-20,20,DAL,NBA,PG,61,2047,27.6,.585,.431,.448,4.1,25.0,14.7,45.7,1.5,0.6,14.8,36.8,,6.5,2.3,8.8,.207,,7.4,1.0,8.4,5.4
Luka Doncic,2020-21,21,DAL,NBA,PG,66,2262,25.3,.587,.406,.349,2.7,22.9,12.8,44.1,1.4,1.5,15.3,36.0,,5.1,2.6,7.7,.163,,6.1,0.7,6.8,5.1
Luka Doncic,2021-22,22,DAL,NBA,PG,65,2301,25.1,.571,.406,.349,2.7,26.0,14.3,46.0,1.6,1.4,15.3,37.4,,3.8,3.8,7.6,.159,,6.4,1.8,8.2,5.9
Luka Doncic,2022-23,23,DAL,NBA,PG,66,2391,28.7,.609,.373,.479,2.6,25.4,13.8,42.3,1.9,1.2,11.9,37.6,,7.3,2.9,10.2,.204,,7.6,1.4,8.9,6.6
Luka Doncic,2023-24,24,DAL,NBA,PG,70,2624,28.1,.617,.450,.368,2.5,24.4,13.5,44.3,1.8,1.3,12.8,36.0,,8.5,3.5,12.0,.220,,8.3,1.7,9.9,8.0
Ja Morant,2019-20,20,MEM,NBA,PG,67,2074,17.4,.556,.191,.329,2.6,10.4,6.6,35.2,1.3,0.8,17.0,25.9,,2.3,1.5,3.8,.088,,1.4,-1.2,0.3,1.2
Ja Morant,2020-21,21,MEM,NBA,PG,63,2053,16.7,.537,.252,.389,3.0,10.1,6.5,33.5,1.3,0.6,15.3,27.2,,1.6,1.6,3.2,.074,,1.3,-1.6,-0.4,0.8
Ja Morant,2021-22,22,MEM,NBA,PG,57,1889,24.4,.575,.218,.353,4.2,14.1,9.0,34.1,1.7,1.0,12.6,33.7,,4.6,2.1,6.7,.171,,6.2,-0.1,6.1,3.9
Ja Morant,2022-23,23,MEM,NBA,PG,61,1948,23.3,.557,.247,.409,3.3,16.1,9.7,41.1,1.6,0.7,12.6,34.9,,3.4,2.6,6.0,.148,,5.2,0.5,5.7,3.8
Ja Morant,2023-24,24,MEM,NBA,PG,9,318,20.6,.570,.300,.376,2.0,15.8,8.6,42.2,1.1,1.5,12.0,30.4,,0.5,0.3,0.8,.124,,2.7,0.4,3.1,0.4
LaMelo Ball,2020-21,19,CHO,NBA,PG,51,1469,17.5,.539,.388,.246,4.6,17.9,11.1,33.9,2.7,1.2,16.3,26.1,,1.0,1.9,2.8,.093,,1.1,0.7,1.8,1.4
LaMelo Ball,2021-22,20,CHO,NBA,PG,75,2422,19.7,.554,.451,.194,4.7,17.4,11.0,35.7,2.4,1.2,15.3,28.2,,3.4,2.5,5.8,.116,,3.3,0.1,3.4,3.3
LaMelo Ball,2022-23,21,CHO,NBA,PG,36,1268,17.9,.541,.531,.169,3.5,16.2,9.7,38.7,1.7,0.8,14.3,30.0,,0.6,1.2,1.8,.068,,3.2,-0.8,2.4,1.4
LaMelo Ball,2023-24,22,CHO,NBA,PG,22,711,20.8,.561,.466,.246,4.4,13.7,8.9,43.1,2.8,0.5,15.0,34.3,,0.6,0.5,1.1,.074,,3.8,-0.5,3.3,1.0
Scottie Barnes,2021-22,20,TOR,NBA,PF,74,2617,16.3,.552,.207,.231,7.7,15.8,11.5,14.7,1.5,2.1,11.7,19.0,,3.7,2.9,6.6,.122,,0.5,0.4,0.9,1.9
Scottie Barnes,2022-23,21,TOR,NBA,SF,77,2678,15.5,.524,.220,.242,7.1,15.2,10.8,20.0,1.5,2.2,12.0,20.3,,2.3,2.7,5.0,.090,,0.5,-0.1,0.4,1.6
Scottie Barnes,2023-24,22,TOR,NBA,SG,60,2094,19.5,.566,.314,.266,7.3,18.9,13.0,26.2,1.7,3.7,13.6,24.8,,2.3,2.0,4.3,.098,,2.9,0.8,3.7,3.0
Paolo Banchero,2022-23,20,ORL,NBA,PF,72,2430,14.9,.529,.254,.476,3.9,19.3,11.6,17.2,1.2,1.5,12.8,27.5,,-0.3,2.6,2.4,.047,,-0.7,-0.7,-1.5,0.3
Paolo Banchero,2023-24,21,ORL,NBA,PF,80,2799,17.3,.546,.249,.397,3.4,20.0,11.6,25.2,1.3,1.6,13.0,29.7,,1.3,4.0,5.3,.090,,1.3,0.0,1.3,2.3
Victor Wembanyama,2023-24,20,SAS,NBA,C,71,2106,23.1,.565,.332,.309,8.2,30.7,19.4,21.5,2.0,10.0,16.2,32.2,,-0.7,4.4,3.7,.085,,1.9,3.3,5.2,3.8